epoch,train_loss_optim,best_epoch,best_score,train_accuracy,train_macro_precision,train_macro_recall,train_macro_f1,train_weighted_precision,train_weighted_recall,train_weighted_f1,train_precision_label1,train_recall_label1,train_f1_label1,train_auc,train_per_class_f1,train_num_classes,train_num_samples,train_threshold,train_loss,train_positive_count,train_positive_rate,val_accuracy,val_macro_precision,val_macro_recall,val_macro_f1,val_weighted_precision,val_weighted_recall,val_weighted_f1,val_precision_label1,val_recall_label1,val_f1_label1,val_auc,val_per_class_f1,val_num_classes,val_num_samples,val_threshold,val_loss,val_positive_count,val_positive_rate,test_accuracy,test_macro_precision,test_macro_recall,test_macro_f1,test_weighted_precision,test_weighted_recall,test_weighted_f1,test_precision_label1,test_recall_label1,test_f1_label1,test_auc,test_per_class_f1,test_num_classes,test_num_samples,test_threshold,test_loss,test_positive_count,test_positive_rate
1,0.053247799933349584,1,0.291970802919708,0.885586978936515,0.6122066899650525,0.9408348249990479,0.6518394519861831,0.974324187235129,0.885586978936515,0.9182261217271617,0.22441337993010485,1.0,0.3665647298674822,0.9905715486305194,"{'0': 0.937114174104884, '1': 0.3665647298674822}",2,27156,0.5,0.30425982056977136,899,0.033105022831050226,0.8487132830777229,0.585055983253226,0.8778294383947143,0.6036396505867457,0.9679842788637539,0.8487132830777229,0.8939202539636619,0.17391304347826086,0.9090909090909091,0.291970802919708,0.9505179656592846,"{'0': 0.9153084982537835, '1': 0.291970802919708}",2,3847,0.5,0.6174168080548543,132,0.03431245126072264,0.8196400625978091,0.5701817949650949,0.850987497923243,0.5735477317291469,0.9662563611664812,0.8196400625978091,0.8755336512225714,0.14529374605180037,0.8846153846153846,0.24959305480195335,0.9300846797640803,"{'0': 0.8975024086563403, '1': 0.24959305480195335}",2,7668,0.5,0.7358914043795148,260,0.03390714658320292
2,0.015024138271994093,2,0.44227005870841485,0.9474885844748858,0.693195408524352,0.9717710745114931,0.7646162105333796,0.9796112544759216,0.9474885844748858,0.9583527437222463,0.3864713485566566,0.9977753058954394,0.5571428571428572,0.9954284980544201,"{'0': 0.972089563923902, '1': 0.5571428571428572}",2,27156,0.5,0.14383484711624997,899,0.033105022831050226,0.9259162984143489,0.6463371861238676,0.892229495493291,0.7012965217668483,0.9706272344685728,0.9259162984143489,0.9425473190474221,0.29815303430079154,0.8560606060606061,0.44227005870841485,0.9535268567233574,"{'0': 0.9603229848252819, '1': 0.44227005870841485}",2,3847,0.5,0.611000582343391,132,0.03431245126072264,0.9213615023474179,0.6328894433796599,0.860954892839342,0.6824838833482587,0.9679557868150733,0.9213615023474179,0.9392117769892134,0.27344782034346105,0.7961538461538461,0.40707964601769914,0.9343254174281442,"{'0': 0.9578881206788183, '1': 0.40707964601769914}",2,7668,0.5,0.7824082259996272,260,0.03390714658320292
3,0.010371669823470356,3,0.515970515970516,0.9654588304610399,0.744590251041797,0.9799895725671841,0.8189872123843898,0.9829418314704786,0.9654588304610399,0.9710351610984758,0.48933843630399126,0.9955506117908788,0.656158357771261,0.996082680298443,"{'0': 0.9818160669975186, '1': 0.656158357771261}",2,27156,0.5,0.10332664430501137,899,0.033105022831050226,0.9487912659214973,0.6871296956123384,0.8748470573840694,0.7444680355343181,0.9714892365336961,0.9487912659214973,0.957284935091662,0.38181818181818183,0.7954545454545454,0.515970515970516,0.9404655573228924,"{'0': 0.97296555509812, '1': 0.515970515970516}",2,3847,0.5,0.7866954655602392,132,0.03431245126072264,0.945357329160146,0.6753144597092834,0.8640959877055989,0.7310081655538392,0.9703720003443745,0.945357329160146,0.954845685124019,0.35879218472468916,0.7769230769230769,0.4908869987849332,0.9171615405382954,"{'0': 0.9711293323227451, '1': 0.4908869987849332}",2,7668,0.5,0.9230567008649457,260,0.03390714658320292
4,0.009179954748479453,3,0.515970515970516,0.948519664162616,0.695690030474532,0.973378527630727,0.7676143324550477,0.9798516230222863,0.948519664162616,0.9590749919475567,0.391380060949064,1.0,0.5625782227784731,0.9959224179341677,"{'0': 0.9726504421316222, '1': 0.5625782227784731}",2,27156,0.5,0.16942844081613528,899,0.033105022831050226,0.9287756693527424,0.651465615745167,0.8973632693013581,0.7080426901958351,0.9712602478906264,0.9287756693527424,0.9444810352837869,0.3081081081081081,0.8636363636363636,0.4541832669322709,0.9452934458990986,"{'0': 0.9619021134593994, '1': 0.4541832669322709}",2,3847,0.5,0.752339366926172,132,0.03431245126072264,0.9211006781429316,0.6332663948000528,0.8645310682837681,0.6831664424175631,0.9682451407028365,0.9211006781429316,0.9391113509149196,0.27391874180865006,0.8038461538461539,0.40860215053763443,0.9257704768233926,"{'0': 0.9577307342974918, '1': 0.40860215053763443}",2,7668,0.5,0.9207467687863762,260,0.03390714658320292
5,0.007842165226875936,3,0.515970515970516,0.9677051112093091,0.7530320823533689,0.9811511675704213,0.8270923947460387,0.983501119852477,0.9677051112093091,0.9726947984405796,0.5062217194570136,0.9955506117908788,0.6711661042369704,0.996946415221527,"{'0': 0.9830186852551069, '1': 0.6711661042369704}",2,27156,0.5,0.10544342316093387,899,0.033105022831050226,0.9467117234208474,0.6834785297910455,0.8847302092254986,0.7424388450041199,0.9719962822461022,0.9467117234208474,0.9560727397405865,0.3737024221453287,0.8181818181818182,0.5130641330166271,0.9302581671356908,"{'0': 0.9718135569916128, '1': 0.5130641330166271}",2,3847,0.5,0.8081427997438347,132,0.03431245126072264,0.9443140323422013,0.6708117226997651,0.8524225369662735,0.7246093439521833,0.9692841668713887,0.9443140323422013,0.9539054620149442,0.35062611806797855,0.7538461538461538,0.47863247863247865,0.9084918591128095,"{'0': 0.9705862092718881, '1': 0.47863247863247865}",2,7668,0.5,1.0191134616293414,260,0.03390714658320292
6,0.006306964743083578,6,0.5370843989769821,0.9733392252172632,0.7769975433548792,0.9846018073341362,0.8491318700328707,0.9851253072820731,0.9733392252172632,0.9769585791548604,0.5541125541125541,0.996662958843159,0.712241653418124,0.9971553959888995,"{'0': 0.9860220866476176, '1': 0.712241653418124}",2,27156,0.5,0.09681390220101685,899,0.033105022831050226,0.952950350922797,0.6989401608966826,0.877000489416371,0.7561500318861358,0.9723311224057146,0.952950350922797,0.9601823070911002,0.40540540540540543,0.7954545454545454,0.5370843989769821,0.9129267098984459,"{'0': 0.9752156647952896, '1': 0.5370843989769821}",2,3847,0.5,0.9400848727188317,132,0.03431245126072264,0.9495305164319249,0.6818543033494775,0.8402776624023924,0.7331178262031285,0.9690577814511486,0.9495305164319249,0.9571464880069571,0.37375745526838966,0.7230769230769231,0.4927916120576671,0.8919533456554245,"{'0': 0.9734440403485899, '1': 0.4927916120576671}",2,7668,0.5,1.169336617235862,260,0.03390714658320292
7,0.00655501574032718,7,0.5478036175710594,0.9740020621593755,0.7801529784488737,0.9838703111025894,0.8516480001267777,0.9852612595442131,0.9740020621593755,0.9774550841030414,0.5605015673981191,0.9944382647385984,0.7169206094627105,0.9968816832911509,"{'0': 0.9863753907908449, '1': 0.7169206094627105}",2,27156,0.5,0.11054392426385422,899,0.033105022831050226,0.9545100077982844,0.704223983580069,0.8814613157143439,0.7619269901184982,0.972960820491626,0.9545100077982844,0.9613561670973056,0.41568627450980394,0.803030303030303,0.5478036175710594,0.9027835556099351,"{'0': 0.9760503626659368, '1': 0.5478036175710594}",2,3847,0.5,0.9498122687822311,132,0.03431245126072264,0.9522691705790297,0.6917563310605437,0.8528285429473335,0.7447447108767868,0.9705206689165525,0.9522691705790297,0.9592927059522327,0.39271255060728744,0.7461538461538462,0.5145888594164456,0.8804021639807278,"{'0': 0.974900562337128, '1': 0.5145888594164456}",2,7668,0.5,1.215548160220178,260,0.03390714658320292
8,0.005920577452886789,8,0.5561497326203209,0.9778317867138018,0.7997488000666071,0.9853136043853002,0.8681561648470377,0.9865230731826448,0.9778317867138018,0.9804443762204793,0.5997313633310947,0.9933259176863182,0.7479061976549414,0.9960729789816524,"{'0': 0.9884061320391341, '1': 0.7479061976549414}",2,27156,0.5,0.08978064795245418,899,0.033105022831050226,0.9568494931115155,0.7109925379122202,0.8753660426607937,0.7667360684959528,0.9729329097466164,0.9568494931115155,0.9628709375997712,0.4297520661157025,0.7878787878787878,0.5561497326203209,0.8907897956686652,"{'0': 0.9773224043715847, '1': 0.5561497326203209}",2,3847,0.5,0.9856440465604006,132,0.03431245126072264,0.9534428794992176,0.6919855575457339,0.8311690064794817,0.7402137051639326,0.9690233484327041,0.9534428794992176,0.959612314369146,0.3947939262472885,0.7,0.5048543689320388,0.8737788669214155,"{'0': 0.9755730413958262, '1': 0.5048543689320388}",2,7668,0.5,1.2903661471954315,260,0.03390714658320292
9,0.006169548990243821,8,0.5561497326203209,0.9756223302400943,0.7880738480949605,0.9852453138933066,0.8586255881533228,0.9858224722212101,0.9756223302400943,0.9787196371266207,0.5763039278815196,0.9955506117908788,0.7300163132137031,0.9966120587028797,"{'0': 0.9872348630929425, '1': 0.7300163132137031}",2,27156,0.5,0.09136072775493884,899,0.033105022831050226,0.9537301793605407,0.7027595898942796,0.8883641257800073,0.7619198943049857,0.9733667587349697,0.9537301793605407,0.9609515338514825,0.4122137404580153,0.8181818181818182,0.5482233502538071,0.9004200823850891,"{'0': 0.9756164383561644, '1': 0.5482233502538071}",2,3847,0.5,0.8911705932092939,132,0.03431245126072264,0.9543557642149192,0.698073139155551,0.8520528742315999,0.7502419594997023,0.9708408883997981,0.9543557642149192,0.9607159173912734,0.4054621848739496,0.7423076923076923,0.5244565217391305,0.8891538773052001,"{'0': 0.976027397260274, '1': 0.5244565217391305}",2,7668,0.5,1.116191652445798,260,0.03390714658320292
10,0.005929861074828774,8,0.5561497326203209,0.9751804389453528,0.7858908007250363,0.984479672415763,0.8566198972697441,0.9856413894054685,0.9751804389453528,0.9783684279172732,0.5719769673704415,0.9944382647385984,0.7262388302193339,0.9966245136685411,"{'0': 0.9870009643201543, '1': 0.7262388302193339}",2,27156,0.5,0.09528704531994805,899,0.033105022831050226,0.9490512087340786,0.6894929712843927,0.8859415147436682,0.7486780810776938,0.9724248741691581,0.9490512087340786,0.9576844613958383,0.38571428571428573,0.8181818181818182,0.5242718446601942,0.9119437986867327,"{'0': 0.9730843174951936, '1': 0.5242718446601942}",2,3847,0.5,0.8976627829813291,132,0.03431245126072264,0.9531820552947313,0.6945831845215543,0.8533010051503572,0.7474016980940419,0.9707207298287951,0.9531820552947313,0.959931389362721,0.39835728952772076,0.7461538461538462,0.5194109772423026,0.892322489200864,"{'0': 0.9753924189457811, '1': 0.5194109772423026}",2,7668,0.5,1.1355463322463368,260,0.03390714658320292
11,0.004279460603127629,11,0.5722070844686649,0.9800044189129474,0.8120536524811297,0.9869742452915675,0.87830332125363,0.987374562047161,0.9800044189129474,0.9821879711809199,0.6243016759776536,0.9944382647385984,0.767052767052767,0.9960756055390367,"{'0': 0.989553875454493, '1': 0.767052767052767}",2,27156,0.5,0.08950288234515746,899,0.033105022831050226,0.9591889784247466,0.7196667137909097,0.8802306374648232,0.7753897439539994,0.9738000493499969,0.9591889784247466,0.9646290132381049,0.44680851063829785,0.7954545454545454,0.5722070844686649,0.8855469227945674,"{'0': 0.9785724034393339, '1': 0.5722070844686649}",2,3847,0.5,1.0304939549282892,132,0.03431245126072264,0.9582681272822118,0.7094725214029274,0.8355218890181093,0.7558423466900168,0.9703866925920597,0.9582681272822118,0.9630808857437277,0.4295774647887324,0.7038461538461539,0.5335276967930029,0.8688722690646287,"{'0': 0.9781569965870307, '1': 0.5335276967930029}",2,7668,0.5,1.3565675970759474,260,0.03390714658320292
12,0.004488091354054919,11,0.5722070844686649,0.973560170864634,0.7780294241038835,0.9847160625803562,0.850041877199899,0.9851936539175005,0.973560170864634,0.9771284994002702,0.5561762880198634,0.996662958843159,0.7139442231075698,0.9975131585229479,"{'0': 0.9861395312922281, '1': 0.7139442231075698}",2,27156,0.5,0.09872664874231289,899,0.033105022831050226,0.9508708084221471,0.6933927076038825,0.8795770626860802,0.7513815215150114,0.9721911467794166,0.9508708084221471,0.9588017522138702,0.3940520446096654,0.803030303030303,0.5286783042394015,0.9072984216322035,"{'0': 0.9740847387906212, '1': 0.5286783042394015}",2,3847,0.5,0.9792302447445663,132,0.03431245126072264,0.9504434011476265,0.6860339980551726,0.850028036218641,0.7389177303769863,0.9699880865925615,0.9504434011476265,0.9579825658838736,0.3814229249011858,0.7423076923076923,0.5039164490861618,0.8883652288586144,"{'0': 0.9739190116678106, '1': 0.5039164490861618}",2,7668,0.5,1.2349200478259883,260,0.03390714658320292
13,0.00588240615747052,11,0.5722070844686649,0.9672632199145677,0.7513075637197963,0.9803855260928777,0.8253474188217857,0.9833500861683986,0.9672632199145677,0.9723591792740414,0.5028121484814398,0.9944382647385984,0.6679118416137467,0.9964144738054491,"{'0': 0.9827829960298248, '1': 0.6679118416137467}",2,27156,0.5,0.11960030757177482,899,0.033105022831050226,0.9425526384195477,0.6742758423968053,0.886230066479057,0.7330606964955438,0.9715959043050905,0.9425526384195477,0.9533100004608331,0.3550488599348534,0.8257575757575758,0.49658314350797267,0.9059882132223989,"{'0': 0.9695382494831151, '1': 0.49658314350797267}",2,3847,0.5,0.9020032593827952,132,0.03431245126072264,0.9410537297861241,0.6622300525619689,0.8451684249875395,0.7147219055150723,0.96828528057153,0.9410537297861241,0.9515915804622874,0.33391003460207613,0.7423076923076923,0.4606205250596659,0.8849751827546104,"{'0': 0.9688232859704787, '1': 0.4606205250596659}",2,7668,0.5,1.1888856581399139,260,0.03390714658320292
14,0.006227646189615789,11,0.5722070844686649,0.9712402415672411,0.767562185513089,0.9840535134801491,0.8408017247801662,0.9845369857744397,0.9712402415672411,0.9753633743748387,0.5352028639618138,0.9977753058954394,0.6966990291262136,0.9963472212272606,"{'0': 0.9849044204341187, '1': 0.6966990291262136}",2,27156,0.5,0.10282729365137218,899,0.033105022831050226,0.9519105796724721,0.6983874174696783,0.8947285778375953,0.7589145829416557,0.9735687231869186,0.9519105796724721,0.9598165748900912,0.40293040293040294,0.8333333333333334,0.5432098765432098,0.9039377625514907,"{'0': 0.9746192893401016, '1': 0.5432098765432098}",2,3847,0.5,0.8598160176594659,132,0.03431245126072264,0.9478351591027647,0.6812845843866802,0.8635228027911613,0.7368626047376399,0.9706684707886505,0.9478351591027647,0.9565002130396953,0.37084870848708484,0.7730769230769231,0.5012468827930174,0.8920927479647781,"{'0': 0.9724783266822623, '1': 0.5012468827930174}",2,7668,0.5,1.0578626812312772,260,0.03390714658320292
15,0.005401594379509976,11,0.5722070844686649,0.9817719840919134,0.8228798741117079,0.9878882872613279,0.8868330506773628,0.9880917047201239,0.9817719840919134,0.9836232035952326,0.6459537572254336,0.9944382647385984,0.783180026281209,0.9944612047518828,"{'0': 0.9904860750735167, '1': 0.783180026281209}",2,27156,0.5,0.0784056650290742,899,0.033105022831050226,0.9589290356121654,0.7179716936137741,0.8727894693910845,0.7721894067733086,0.9731742228423392,0.9589290356121654,0.9642904949529307,0.44396551724137934,0.7803030303030303,0.5659340659340659,0.8740476773114728,"{'0': 0.9784447476125512, '1': 0.5659340659340659}",2,3847,0.5,1.0300104804278716,132,0.03431245126072264,0.9586593635889411,0.7107704818145735,0.8338687904967602,0.75643861682125,0.9703529205668706,0.9586593635889411,0.9633190945506698,0.4323040380047506,0.7,0.5345080763582967,0.8537490654593787,"{'0': 0.9783691572842034, '1': 0.5345080763582967}",2,7668,0.5,1.3516208344947083,260,0.03390714658320292
16,0.004602098032601819,16,0.5761772853185596,0.9812564442480484,0.8196454320454465,0.9876216916868146,0.8843104892844488,0.9878774536970713,0.9812564442480484,0.98320246104385,0.6394849785407726,0.9944382647385984,0.7784066173269482,0.9964219933850575,"{'0': 0.9902143612419494, '1': 0.7784066173269482}",2,27156,0.5,0.08063877890628168,899,0.033105022831050226,0.9602287496750714,0.7232046946248862,0.8771157061870386,0.7776563502823536,0.9737969605572597,0.9602287496750714,0.9653089340528953,0.45414847161572053,0.7878787878787878,0.5761772853185596,0.8635445980668054,"{'0': 0.9791354152461476, '1': 0.5761772853185596}",2,3847,0.5,1.0648207727061525,132,0.03431245126072264,0.9610067814293166,0.7209953683665938,0.8406504402724706,0.766339187358461,0.9714481538516072,0.9610067814293166,0.9651510122503707,0.45232273838630804,0.7115384615384616,0.5530642750373692,0.8387621490280778,"{'0': 0.9796140996795527, '1': 0.5530642750373692}",2,7668,0.5,1.3474222781596585,260,0.03390714658320292
17,0.0048034183075373734,16,0.5761772853185596,0.9722713212549713,0.7721310036179894,0.9829753116738655,0.8445575769981677,0.9847297877432654,0.9722713212549713,0.976126341038957,0.5444579780755177,0.9944382647385984,0.7036599763872491,0.9945890799690557,"{'0': 0.9854551776090862, '1': 0.7036599763872491}",2,27156,0.5,0.11444577747125424,899,0.033105022831050226,0.9420327527943853,0.6718807564495376,0.8786543089032994,0.7294867829025806,0.9709090551531487,0.9420327527943853,0.9528158767800986,0.35081967213114756,0.8106060606060606,0.4897025171624714,0.8821801460092173,"{'0': 0.9692710486426899, '1': 0.4897025171624714}",2,3847,0.5,0.9969091616147658,132,0.03431245126072264,0.9444444444444444,0.6701111396241171,0.8469232845987706,0.723019347626419,0.968851917024437,0.9444444444444444,0.9538750349156907,0.3496376811594203,0.7423076923076923,0.4753694581280788,0.8686606994517361,"{'0': 0.970669237124759, '1': 0.4753694581280788}",2,7668,0.5,1.2301656089647321,260,0.03390714658320292
18,0.004916034735191399,18,0.6,0.9836500220945648,0.8352370205396487,0.9888594568541984,0.8962749615975423,0.9889102297446124,0.9836500220945648,0.9851714783718761,0.6706676669167292,0.9944382647385984,0.8010752688172043,0.9948976792798048,"{'0': 0.9914746543778802, '1': 0.8010752688172043}",2,27156,0.5,0.0810949629441935,899,0.033105022831050226,0.9636080062386275,0.7371056550064339,0.8825186589991435,0.7904684095860566,0.9750294088806496,0.9636080062386275,0.9678659431308554,0.481651376146789,0.7954545454545454,0.6,0.8751396875892166,"{'0': 0.9809368191721133, '1': 0.6}",2,3847,0.5,1.050330791792193,132,0.03431245126072264,0.9627021387584768,0.7272004448552776,0.8266832114969265,0.7668319610778442,0.9708840157904352,0.9627021387584768,0.966046535645454,0.46578947368421053,0.6807692307692308,0.553125,0.861806882372487,"{'0': 0.9805389221556886, '1': 0.553125}",2,7668,0.5,1.4443225298666171,260,0.03390714658320292
19,0.0047297280915027315,18,0.6,0.9820665782884077,0.8248472496467696,0.987503496604518,0.8881936723368671,0.9881858163337025,0.9820665782884077,0.9838585499287639,0.6499272197962155,0.9933259176863182,0.7857457105147382,0.9942948419962634,"{'0': 0.9906416341589961, '1': 0.7857457105147382}",2,27156,0.5,0.08106756518687998,899,0.033105022831050226,0.9599688068624902,0.7228976085881704,0.8842876952567397,0.7791098444174005,0.9742814805671252,0.9599688068624902,0.9652683225675748,0.452991452991453,0.803030303030303,0.5792349726775956,0.8718646763734247,"{'0': 0.9789847161572053, '1': 0.5792349726775956}",2,3847,0.5,0.9774975385581159,132,0.03431245126072264,0.9573552425665102,0.7054991561829522,0.8313382621697956,0.7515368691538452,0.9698555887041963,0.9573552425665102,0.9623392381399075,0.4219114219114219,0.6961538461538461,0.525399129172714,0.8595408809602924,"{'0': 0.9776746091349764, '1': 0.525399129172714}",2,7668,0.5,1.3125330510922846,260,0.03390714658320292
20,0.005684551017641218,18,0.6,0.9805199587568125,0.8151355894995256,0.9872408408660811,0.8807567358884605,0.9875787159644221,0.9805199587568125,0.9826044674998647,0.6304654442877292,0.9944382647385984,0.771687526974536,0.9949564379103228,"{'0': 0.9898259448023848, '1': 0.771687526974536}",2,27156,0.5,0.08094940479459467,899,0.033105022831050226,0.9625682349883026,0.732762348555452,0.8819803009910681,0.7868009051863483,0.9747237035624763,0.9625682349883026,0.9670970239038983,0.47297297297297297,0.7954545454545454,0.5932203389830508,0.8722816999061953,"{'0': 0.9803814713896458, '1': 0.5932203389830508}",2,3847,0.5,0.9381785846545553,132,0.03431245126072264,0.9612676056338029,0.7229908253785883,0.8500633410865592,0.7705196307630795,0.9722156461664538,0.9612676056338029,0.9655513178430294,0.4556354916067146,0.7307692307692307,0.5612998522895125,0.8605390222628344,"{'0': 0.9797394092366464, '1': 0.5612998522895125}",2,7668,0.5,1.1889963915391086,260,0.03390714658320292
21,0.004427907925197151,18,0.6,0.9804094859331272,0.8143276694709842,0.9882579752131779,0.8804256033134616,0.9875977551225525,0.9804094859331272,0.982527379065293,0.6287719298245614,0.996662958843159,0.7710843373493976,0.9968810054698906,"{'0': 0.9897668692775256, '1': 0.7710843373493976}",2,27156,0.5,0.07946080946200812,899,0.033105022831050226,0.9607486353002339,0.7248855758021965,0.8737315959052163,0.7782250967717058,0.9736631272244716,0.9607486353002339,0.9656124430604498,0.4577777777777778,0.7803030303030303,0.5770308123249299,0.8763775031608141,"{'0': 0.9794193812184817, '1': 0.5770308123249299}",2,3847,0.5,1.0400266699948884,132,0.03431245126072264,0.9561815336463224,0.7024646319746736,0.8400087223791328,0.7512270407808568,0.9702685913882805,0.9561815336463224,0.9617176607524585,0.41517857142857145,0.7153846153846154,0.5254237288135594,0.8609634594617046,"{'0': 0.9770303527481542, '1': 0.5254237288135594}",2,7668,0.5,1.3403144027779328,260,0.03390714658320292
22,0.003743448817672176,18,0.6,0.9852334659007218,0.846545517279797,0.9891411551336721,0.9044753793672882,0.9896231820938495,0.9852334659007218,0.9864916218405475,0.6933229813664596,0.9933259176863182,0.8166438042981253,0.9956014060215861,"{'0': 0.9923069544364509, '1': 0.8166438042981253}",2,27156,0.5,0.07338392991166014,899,0.033105022831050226,0.9638679490512088,0.7380058395656183,0.8789999592153024,0.790252172170099,0.9748404717830226,0.9638679490512088,0.9679851231886751,0.48372093023255813,0.7878787878787878,0.5994236311239193,0.8698733635140095,"{'0': 0.9810807132162788, '1': 0.5994236311239193}",2,3847,0.5,1.0908828534222696,132,0.03431245126072264,0.9657016171100679,0.742614669260715,0.8375134989200863,0.7813310276785914,0.972586619538646,0.9657016171100679,0.9685034425708218,0.49591280653950953,0.7,0.580542264752791,0.8483123753945838,"{'0': 0.9821197906043919, '1': 0.580542264752791}",2,7668,0.5,1.4149577011624472,260,0.03390714658320292
23,0.004754856162638543,18,0.6,0.978494623655914,0.8033649811389102,0.9861935011090639,0.8712752618308451,0.9867989949739445,0.978494623655914,0.9809778351507327,0.6069246435845214,0.9944382647385984,0.7537942664418212,0.9968468814058081,"{'0': 0.988756257219869, '1': 0.7537942664418212}",2,27156,0.5,0.082796033708906,899,0.033105022831050226,0.9534702365479595,0.7000240185160924,0.8736163791345487,0.7564853213212066,0.9721540152821038,0.9534702365479595,0.9604728794881012,0.40784313725490196,0.7878787878787878,0.537467700258398,0.8886353440189241,"{'0': 0.9755029423840154, '1': 0.537467700258398}",2,3847,0.5,1.0192680730067607,132,0.03431245126072264,0.956964006259781,0.7050391155606983,0.8385581076590796,0.7530121422715028,0.9703247841990369,0.956964006259781,0.9622325676142428,0.42045454545454547,0.7115384615384616,0.5285714285714286,0.8657740073101844,"{'0': 0.9774528559715769, '1': 0.5285714285714286}",2,7668,0.5,1.240072114093814,260,0.03390714658320292
24,0.0044019439511620755,18,0.6,0.9841655619384299,0.838681101915185,0.9896631834138154,0.8990258399380722,0.989174490887586,0.9841655619384299,0.98560640901431,0.6775170325510976,0.9955506117908788,0.8063063063063063,0.9965326688877458,"{'0': 0.9917453735698379, '1': 0.8063063063063063}",2,27156,0.5,0.07432821654384175,899,0.033105022831050226,0.9623082921757213,0.7311631249590954,0.8745391329173294,0.7835739446797597,0.9741062561228299,0.9623082921757213,0.9667562007089447,0.4703196347031963,0.7803030303030303,0.5868945868945868,0.8717270280190873,"{'0': 0.9802533024649326, '1': 0.5868945868945868}",2,3847,0.5,1.1274275527628095,132,0.03431245126072264,0.9625717266562337,0.7262663863409232,0.8229045522512046,0.7649627058430379,0.9705693329093119,0.9625717266562337,0.9658600576810018,0.46419098143236076,0.6730769230769231,0.5494505494505495,0.8485065521681342,"{'0': 0.9804748622355263, '1': 0.5494505494505495}",2,7668,0.5,1.4852523619477351,260,0.03390714658320292
25,0.003517818420553264,25,0.6036585365853658,0.985528060097216,0.8485773248662032,0.9898306264470689,0.9061343636020958,0.9897938482879673,0.985528060097216,0.9867455890564806,0.6973478939157566,0.9944382647385984,0.8198074277854195,0.9962573251825892,"{'0': 0.9924612994187719, '1': 0.8198074277854195}",2,27156,0.5,0.0703755881064295,899,0.033105022831050226,0.9662074343644398,0.7480317106300203,0.8619448183041722,0.7930049402991993,0.9742903555331824,0.9662074343644398,0.9693574655153847,0.5051020408163265,0.75,0.6036585365853658,0.865094416574901,"{'0': 0.9823513440130328, '1': 0.6036585365853658}",2,3847,0.5,1.2059241604839899,132,0.03431245126072264,0.9667449139280125,0.7478195560147005,0.8250643794650274,0.7806009814575547,0.9720784351153533,0.9667449139280125,0.9689850716881696,0.5072463768115942,0.6730769230769231,0.5785123966942148,0.8537703522179764,"{'0': 0.9826895662208948, '1': 0.5785123966942148}",2,7668,0.5,1.5349392121442775,260,0.03390714658320292
26,0.004002330796576357,25,0.6036585365853658,0.9851229930770364,0.845610993425737,0.9896211584956656,0.9039710438012223,0.9895973705994304,0.9851229930770364,0.9864037921482858,0.691415313225058,0.9944382647385984,0.8156934306569343,0.9968222892032013,"{'0': 0.9922486569455103, '1': 0.8156934306569343}",2,27156,0.5,0.07089819469625172,899,0.033105022831050226,0.9628281778008838,0.7325663846005454,0.8638484440637872,0.7818186216904703,0.9734504736623885,0.9628281778008838,0.966909158089903,0.47393364928909953,0.7575757575757576,0.5830903790087464,0.8776601818997511,"{'0': 0.9805468643721943, '1': 0.5830903790087464}",2,3847,0.5,1.1636409201424915,132,0.03431245126072264,0.9621804903495045,0.7242602390750539,0.8208464861272636,0.7628619849330149,0.9703039248548242,0.9621804903495045,0.965526092574134,0.4603174603174603,0.6692307692307692,0.5454545454545454,0.8632076549260674,"{'0': 0.9802694244114846, '1': 0.5454545454545454}",2,7668,0.5,1.5590408738633548,260,0.03390714658320292
27,0.0034524028627971157,25,0.6036585365853658,0.9863750184121373,0.8549471491863211,0.9902686048909125,0.9107252873369993,0.9902157549103348,0.9863750184121373,0.9874644616950818,0.710087370929309,0.9944382647385984,0.8285449490268767,0.9973204242839127,"{'0': 0.992905625647122, '1': 0.8285449490268767}",2,27156,0.5,0.06546921872449045,899,0.033105022831050226,0.9654276059266961,0.7443678480881386,0.8651943390839757,0.7912662016723965,0.9742828298981681,0.9654276059266961,0.9688473944564476,0.4975124378109453,0.7575757575757576,0.6006006006006006,0.8665779599494271,"{'0': 0.9819318027441923, '1': 0.6006006006006006}",2,3847,0.5,1.2016025269116977,132,0.03431245126072264,0.9657016171100679,0.7418285088059418,0.8189576756936368,0.774432825535655,0.9712872094308189,0.9657016171100679,0.9680582783290131,0.4956772334293948,0.6615384615384615,0.5667215815485996,0.8524510923741485,"{'0': 0.9821440695227103, '1': 0.5667215815485996}",2,7668,0.5,1.6204897610580995,260,0.03390714658320292
28,0.0033163660496073016,28,0.6066066066066066,0.9866327883340699,0.8570841967111866,0.9898647716930657,0.9120626348197454,0.9903212662428654,0.9866327883340699,0.9876794602212825,0.7144,0.9933259176863182,0.8310842252210331,0.9961633622103548,"{'0': 0.9930410444184575, '1': 0.8310842252210331}",2,27156,0.5,0.07244608782037594,899,0.033105022831050226,0.9659474915518586,0.746992546865235,0.8691168073738733,0.794405055782586,0.974718400802005,0.9659474915518586,0.9693158546901852,0.5024875621890548,0.7651515151515151,0.6066066066066066,0.8709317264162486,"{'0': 0.9822035049585655, '1': 0.6066066066066066}",2,3847,0.5,1.1965594002381816,132,0.03431245126072264,0.9663536776212832,0.7457479559123217,0.8285730603090214,0.7804544800805409,0.9721824330484011,0.9663536776212832,0.968777533371531,0.5028409090909091,0.6807692307692308,0.5784313725490197,0.863989034723376,"{'0': 0.9824775876120619, '1': 0.5784313725490197}",2,7668,0.5,1.5447013066479032,260,0.03390714658320292
29,0.0042586405570172285,28,0.6066066066066066,0.9843865075858006,0.8403449984865257,0.989240307674932,0.9000900341185576,0.9892485691240882,0.9843865075858006,0.9857855911335652,0.6808834729626809,0.9944382647385984,0.8083182640144665,0.9971398272818228,"{'0': 0.9918618042226488, '1': 0.8083182640144665}",2,27156,0.5,0.07147520081070001,899,0.033105022831050226,0.96412789186379,0.7393375715291165,0.8827878380031812,0.7923312710647127,0.9751863907850857,0.96412789186379,0.9682521891336163,0.4861111111111111,0.7954545454545454,0.603448275862069,0.8696735184958604,"{'0': 0.9812142662673564, '1': 0.603448275862069}",2,3847,0.5,1.1004192625664455,132,0.03431245126072264,0.9637454355764214,0.7326082696453067,0.8327899152683169,0.7726745924530282,0.9716372716817083,0.9637454355764214,0.9669525990883078,0.47619047619047616,0.6923076923076923,0.5642633228840125,0.873787173949161,"{'0': 0.9810858620220438, '1': 0.5642633228840125}",2,7668,0.5,1.4413024396934373,260,0.03390714658320292
30,0.003705947146579073,28,0.6066066066066066,0.9830240094270143,0.830713452699458,0.9901471266118854,0.8933548663845239,0.988719143155086,0.9830240094270143,0.9846696782102125,0.661504424778761,0.9977753058954394,0.7955654101995565,0.997085601580984,"{'0': 0.9911443225694911, '1': 0.7955654101995565}",2,27156,0.5,0.06866506115413172,899,0.033105022831050226,0.9633480634260463,0.7360049689628612,0.8823840694971247,0.7895443186196285,0.9749519644048067,0.9633480634260463,0.9676732710342151,0.4794520547945205,0.7954545454545454,0.5982905982905983,0.8780935193115542,"{'0': 0.9807980389486586, '1': 0.5982905982905983}",2,3847,0.5,1.081476590447788,132,0.03431245126072264,0.9603547209181011,0.7172656692982073,0.8310350556570859,0.7607244682109024,0.9705602087995195,0.9603547209181011,0.9644590550685633,0.44554455445544555,0.6923076923076923,0.5421686746987951,0.8707483593620202,"{'0': 0.9792802617230099, '1': 0.5421686746987951}",2,7668,0.5,1.425896341392132,260,0.03390714658320292
31,0.0037388464042979724,28,0.6066066066066066,0.9839446162910591,0.8372617076308049,0.9890117971824919,0.8977931922623474,0.9890443403659198,0.9839446162910591,0.985416640462254,0.6747169811320755,0.9944382647385984,0.8039568345323741,0.9963172276364843,"{'0': 0.9916295499923207, '1': 0.8039568345323741}",2,27156,0.5,0.07353767781471723,899,0.033105022831050226,0.9638679490512088,0.7377939439978709,0.8753466699294424,0.7890936556487032,0.9745735874080168,0.9638679490512088,0.9679104155747961,0.4835680751173709,0.7803030303030303,0.5971014492753624,0.8751366287368979,"{'0': 0.9810858620220438, '1': 0.5971014492753624}",2,3847,0.5,1.080638994465164,132,0.03431245126072264,0.9632237871674492,0.7303956238179741,0.8362311015118791,0.7721353798944965,0.9717320089139787,0.9632237871674492,0.9666526022224751,0.47150259067357514,0.7,0.5634674922600619,0.8717036675527496,"{'0': 0.9808032675289312, '1': 0.5634674922600619}",2,7668,0.5,1.4328312538758534,260,0.03390714658320292
32,0.003196683639076789,28,0.6066066066066066,0.9853439387244072,0.8474874830016118,0.9886611517716786,0.9049818870999192,0.989649500253285,0.9853439387244072,0.9865795849093917,0.6952455183164459,0.9922135706340378,0.8175985334555453,0.9960921486141754,"{'0': 0.9923652407442931, '1': 0.8175985334555453}",2,27156,0.5,0.07747842133483696,899,0.033105022831050226,0.9636080062386275,0.7371056550064339,0.8825186589991435,0.7904684095860566,0.9750294088806496,0.9636080062386275,0.9678659431308554,0.481651376146789,0.7954545454545454,0.6,0.8780139891512704,"{'0': 0.9809368191721133, '1': 0.6}",2,3847,0.5,1.0474315360824293,132,0.03431245126072264,0.9658320292123109,0.7435161113469158,0.8431477404884533,0.7838123786173744,0.9730242252842127,0.9658320292123109,0.9687294426384951,0.49731182795698925,0.7115384615384616,0.5854430379746836,0.8528293217311845,"{'0': 0.9821817192600653, '1': 0.5854430379746836}",2,7668,0.5,1.3725255446495896,260,0.03390714658320292
33,0.0033742194757369164,28,0.6066066066066066,0.9870010310796877,0.8599648865565674,0.9900551971034326,0.9141018301153603,0.990512080300176,0.9870010310796877,0.9879947004856452,0.7201612903225807,0.9933259176863182,0.8349696119682094,0.9957658835868252,"{'0': 0.9932340482625113, '1': 0.8349696119682094}",2,27156,0.5,0.07179269636445325,899,0.033105022831050226,0.9654276059266961,0.7443678480881386,0.8651943390839757,0.7912662016723965,0.9742828298981681,0.9654276059266961,0.9688473944564476,0.4975124378109453,0.7575757575757576,0.6006006006006006,0.8473112688119419,"{'0': 0.9819318027441923, '1': 0.6006006006006006}",2,3847,0.5,1.1833055172645164,132,0.03431245126072264,0.9662232655190401,0.7449095281699983,0.8247944010632996,0.7785629491223017,0.9718751801887862,0.9662232655190401,0.9685892901909922,0.501432664756447,0.6730769230769231,0.5747126436781609,0.8342436451237747,"{'0': 0.9824132545664426, '1': 0.5747126436781609}",2,7668,0.5,1.5894561976229935,260,0.03390714658320292
34,0.003979023963465449,34,0.6235294117647059,0.9858594785682722,0.8510424531395571,0.990002009316399,0.9079198163889401,0.989957127289145,0.9858594785682722,0.9870262026178667,0.7022780832678712,0.9944382647385984,0.8232044198895028,0.9956663285891918,"{'0': 0.9926352128883774, '1': 0.8232044198895028}",2,27156,0.5,0.0713071157186237,899,0.033105022831050226,0.9667273199896023,0.7512352823049443,0.8877870223092296,0.8030619590778928,0.9762740380683165,0.9667273199896023,0.9702741028322855,0.5096153846153846,0.803030303030303,0.6235294117647059,0.8674222031893634,"{'0': 0.9825945063910797, '1': 0.6235294117647059}",2,3847,0.5,1.0320879072301452,132,0.03431245126072264,0.9668753260302556,0.7490760869565217,0.8473988619371988,0.7891359440418924,0.9736619151300718,0.9668753260302556,0.9696020097312136,0.5081521739130435,0.7192307692307692,0.5955414012738853,0.8565786467851803,"{'0': 0.9827304868098994, '1': 0.5955414012738853}",2,7668,0.5,1.330353172557173,260,0.03390714658320292
35,0.003791054498663811,34,0.6235294117647059,0.9865223155103845,0.855929141300781,0.9908819060401627,0.9116118890367573,0.9903168416338353,0.9865223155103845,0.9875950328174868,0.7120127287191726,0.9955506117908788,0.8302411873840445,0.9965118682478147,"{'0': 0.99298259068947, '1': 0.8302411873840445}",2,27156,0.5,0.06838655743785606,899,0.033105022831050226,0.9646477774889525,0.7412512929284995,0.875750438435499,0.7919204067477362,0.9748169784202132,0.9646477774889525,0.9684916390917526,0.49047619047619045,0.7803030303030303,0.6023391812865497,0.8639402096333455,"{'0': 0.9815016322089227, '1': 0.6023391812865497}",2,3847,0.5,1.1833599200702076,132,0.03431245126072264,0.9657016171100679,0.7423798073186756,0.8319467519521515,0.7793083071104611,0.9721961471385534,0.9657016171100679,0.9683730694032365,0.49584487534626037,0.6884615384615385,0.5764895330112721,0.8536701486957967,"{'0': 0.98212708120965, '1': 0.5764895330112721}",2,7668,0.5,1.5569727342093853,260,0.03390714658320292
36,0.0035971044995134734,34,0.6235294117647059,0.9749226690234203,0.7845665238532851,0.9854206365987133,0.8557445664434598,0.985626634200848,0.9749226690234203,0.9781818036197607,0.5692503176620076,0.996662958843159,0.7246259603720178,0.9963525590696869,"{'0': 0.9868631725149019, '1': 0.7246259603720178}",2,27156,0.5,0.10800870221230735,899,0.033105022831050226,0.9537301793605407,0.7022844245244579,0.8847108364941474,0.7607707421505989,0.9730779741420367,0.9537301793605407,0.960878893676857,0.4115384615384615,0.8106060606060606,0.5459183673469388,0.8919358456707044,"{'0': 0.9756231169542591, '1': 0.5459183673469388}",2,3847,0.5,1.0682577351202274,132,0.03431245126072264,0.9533124673969744,0.6941586672231497,0.8478017527828543,0.7458444742358143,0.9703112259056929,0.9533124673969744,0.9599006542467802,0.39791666666666664,0.7346153846153847,0.5162162162162162,0.8799325573184914,"{'0': 0.9754727322554124, '1': 0.5162162162162162}",2,7668,0.5,1.3563993057672343,260,0.03390714658320292
37,0.004655741873282104,34,0.6235294117647059,0.9861908970393283,0.8533982635246824,0.9907105231708326,0.9097993144358165,0.9901492219662188,0.9861908970393283,0.9873127293315732,0.7069510268562401,0.9955506117908788,0.8267898383371824,0.9970481307744282,"{'0': 0.9928087905344507, '1': 0.8267898383371824}",2,27156,0.5,0.06573722551468489,899,0.033105022831050226,0.966467377177021,0.7494235449551492,0.8657326970920511,0.7951937303066132,0.9746387348917166,0.966467377177021,0.9696318987934442,0.5076142131979695,0.7575757575757576,0.60790273556231,0.8455422325543456,"{'0': 0.9824847250509166, '1': 0.60790273556231}",2,3847,0.5,1.2085815949773482,132,0.03431245126072264,0.9654407929055816,0.7409263382321889,0.8299561804286426,0.777630043286206,0.9719700068192046,0.9654407929055816,0.9681325604253146,0.4930747922437673,0.6846153846153846,0.573268921095008,0.8403511276790163,"{'0': 0.9819911654774041, '1': 0.573268921095008}",2,7668,0.5,1.5481702413968557,260,0.03390714658320292
38,0.004525236323745947,34,0.6235294117647059,0.9811827956989247,0.8191886495241054,0.9875836066047412,0.8839524903128619,0.9878471960301437,0.9811827956989247,0.9831425005304981,0.6385714285714286,0.9944382647385984,0.7777294475859069,0.9969173748168981,"{'0': 0.990175533039817, '1': 0.7777294475859069}",2,27156,0.5,0.08960356885187452,899,0.033105022831050226,0.9597088640499091,0.7208830906119572,0.873193237897141,0.774749897344868,0.9733802125441441,0.9597088640499091,0.9648554560666587,0.4497816593886463,0.7803030303030303,0.5706371191135734,0.8588961621599577,"{'0': 0.9788626755761626, '1': 0.5706371191135734}",2,3847,0.5,1.1734645352717463,132,0.03431245126072264,0.9565727699530516,0.7023235139677377,0.829077712244559,0.7483696389658283,0.9695057665086116,0.9565727699530516,0.9617368045997597,0.41570438799076215,0.6923076923076923,0.5194805194805194,0.8448691123940854,"{'0': 0.9772587584511371, '1': 0.5194805194805194}",2,7668,0.5,1.516422997748146,260,0.03390714658320292
39,0.00410342314996312,34,0.6235294117647059,0.9871483281779349,0.860809924371045,0.9912056292377862,0.9150751804823252,0.9906400931072711,0.9871483281779349,0.9881307378739098,0.7217741935483871,0.9955506117908788,0.8368396446937821,0.9970941167105689,"{'0': 0.9933107162708681, '1': 0.8368396446937821}",2,27156,0.5,0.06246219658598607,899,0.033105022831050226,0.9643878346763712,0.7397031108987631,0.8683092703617603,0.7886217109946678,0.974205110693453,0.9643878346763712,0.9681456622921432,0.48792270531400966,0.7651515151515151,0.5958702064896755,0.8657449325013256,"{'0': 0.9813732154996601, '1': 0.5958702064896755}",2,3847,0.5,1.1275299991207852,132,0.03431245126072264,0.9650495565988524,0.7389890934888712,0.8316092789499917,0.7768330426585988,0.9719591324609221,0.9650495565988524,0.9678826935596118,0.4890710382513661,0.6884615384615385,0.5718849840255591,0.8516346673035388,"{'0': 0.9817811012916383, '1': 0.5718849840255591}",2,7668,0.5,1.4755136381706488,260,0.03390714658320292
40,0.0033576114119878418,34,0.6235294117647059,0.9870378553542495,0.8602555130127176,0.9900742396444693,0.9143067471251751,0.9905313310326772,0.9870378553542495,0.988026286755556,0.7207425343018563,0.9933259176863182,0.8353601496725912,0.9951145397193303,"{'0': 0.993253344577759, '1': 0.8353601496725912}",2,27156,0.5,0.07895634830862634,899,0.033105022831050226,0.9636080062386275,0.7366630137550131,0.8752120804274236,0.7881614595297057,0.974493931587359,0.9636080062386275,0.9677172941078453,0.48130841121495327,0.7803030303030303,0.5953757225433526,0.8801704800358905,"{'0': 0.9809471965160588, '1': 0.5953757225433526}",2,3847,0.5,1.1334777558374898,132,0.03431245126072264,0.9643974960876369,0.7354602613131642,0.827560641302542,0.7730166180846215,0.9714630525113084,0.9643974960876369,0.967305854835872,0.4822888283378747,0.6807692307692308,0.5645933014354066,0.8704586517693969,"{'0': 0.9814399347338364, '1': 0.5645933014354066}",2,7668,0.5,1.5402728834319555,260,0.03390714658320292
41,0.003025071053782313,34,0.6235294117647059,0.988879069082339,0.8756023764060856,0.9904892357111995,0.9247213755953135,0.9915119225639597,0.988879069082339,0.9896161020190868,0.7514743049705139,0.9922135706340378,0.8552253116011506,0.995778147915257,"{'0': 0.9942174395894765, '1': 0.8552253116011506}",2,27156,0.5,0.07314250100767074,899,0.033105022831050226,0.9672472056147647,0.7532981361149111,0.8624831763122476,0.7970073873058947,0.9746609764319702,0.9672472056147647,0.9701465496677116,0.515625,0.75,0.6111111111111112,0.8643031934418206,"{'0': 0.9829036635006784, '1': 0.6111111111111112}",2,3847,0.5,1.2277493277613076,132,0.03431245126072264,0.9681794470526864,0.7561726551337213,0.8295179847150689,0.7877087010530874,0.9729095757053406,0.9681794470526864,0.9701704963013383,0.5236686390532544,0.6807692307692308,0.5919732441471572,0.8519970613889352,"{'0': 0.9834441579590175, '1': 0.5919732441471572}",2,7668,0.5,1.623753964786544,260,0.03390714658320292
42,0.0030538479993350988,34,0.6235294117647059,0.9868537339814406,0.8584965217158942,0.9910532889094927,0.9134389013471683,0.9904868781080162,0.9868537339814406,0.9878782362242076,0.7171474358974359,0.9955506117908788,0.8337214718211458,0.9962296827843101,"{'0': 0.9931563308731909, '1': 0.8337214718211458}",2,27156,0.5,0.06772214919670785,899,0.033105022831050226,0.9667273199896023,0.7510589742347666,0.8804804437375097,0.800825793758656,0.9757579224288859,0.9667273199896023,0.9701294589496218,0.5098039215686274,0.7878787878787878,0.6190476190476191,0.8764172682409559,"{'0': 0.9826039684696929, '1': 0.6190476190476191}",2,3847,0.5,1.1264561384298695,132,0.03431245126072264,0.9675273865414711,0.7524363705175514,0.8366028410034889,0.7877806707254382,0.9731470484588345,0.9675273865414711,0.9698452200598584,0.5156695156695157,0.6961538461538461,0.5924713584288053,0.8537020788336933,"{'0': 0.9830899830220713, '1': 0.5924713584288053}",2,7668,0.5,1.5408496683558555,260,0.03390714658320292
43,0.002974896705856353,34,0.6235294117647059,0.9843496833112387,0.8403225977944525,0.9881470031636883,0.8997241656489396,0.9891748489574238,0.9843496833112387,0.9857438825239379,0.6809160305343511,0.9922135706340378,0.8076052512449072,0.996154296350996,"{'0': 0.991843080052972, '1': 0.8076052512449072}",2,27156,0.5,0.08037919234989946,899,0.033105022831050226,0.9654276059266961,0.7448087540478845,0.8761542069415555,0.7947933398707359,0.9750672295159247,0.9654276059266961,0.9690757159478469,0.4975845410628019,0.7803030303030303,0.6076696165191741,0.8603246461927485,"{'0': 0.9819170632222978, '1': 0.6076696165191741}",2,3847,0.5,1.1653675452615495,132,0.03431245126072264,0.9651799687010955,0.7393790080608065,0.8261100265824888,0.7752584215961167,0.9716128593783295,0.9651799687010955,0.9678473304777151,0.49025069637883006,0.676923076923077,0.568659127625202,0.8379799904469181,"{'0': 0.9818577155670313, '1': 0.568659127625202}",2,7668,0.5,1.5271541576354877,260,0.03390714658320292
44,0.003433979025943566,34,0.6235294117647059,0.981661511268228,0.8220122343980871,0.988905421608425,0.8864799390382201,0.9881066941861003,0.981661511268228,0.9835447789243512,0.6441409058231489,0.996662958843159,0.7825327510917031,0.9970541040742862,"{'0': 0.9904271269847372, '1': 0.7825327510917031}",2,27156,0.5,0.08415376384704525,899,0.033105022831050226,0.9625682349883026,0.7322429410381711,0.8746737224193483,0.7844817927170868,0.9741824098811266,0.9625682349883026,0.9669478272203084,0.4724770642201835,0.7803030303030303,0.5885714285714285,0.8707390187201762,"{'0': 0.9803921568627451, '1': 0.5885714285714285}",2,3847,0.5,1.137275665587389,132,0.03431245126072264,0.9604851330203443,0.7176188811032828,0.8292469679348728,0.7604781357037373,0.9704601232680301,0.9604851330203443,0.9645098207071776,0.4463840399002494,0.6884615384615385,0.5416036308623298,0.8535489180096362,"{'0': 0.9793526405451448, '1': 0.5416036308623298}",2,7668,0.5,1.5339709284142569,260,0.03390714658320292
45,0.0036708225392644445,34,0.6235294117647059,0.9856017086463397,0.8491221353764106,0.9898687115291422,0.906529920951731,0.989829934163972,0.9856017086463397,0.9868078723614234,0.6984375,0.9944382647385984,0.8205598898577329,0.996288589688229,"{'0': 0.9924999520457292, '1': 0.8205598898577329}",2,27156,0.5,0.07270794919128028,899,0.033105022831050226,0.9643878346763712,0.7400879305940072,0.8756158489334802,0.790973085116045,0.9747351003245502,0.9643878346763712,0.9682975850231936,0.4881516587677725,0.7803030303030303,0.6005830903790087,0.8786930543660019,"{'0': 0.9813630798530812, '1': 0.6005830903790087}",2,3847,0.5,1.1113265862479065,132,0.03431245126072264,0.9660928534167971,0.7445934848070079,0.8358604003987373,0.782161661553819,0.9726000353287206,0.9660928534167971,0.9687554962737405,0.5,0.6961538461538461,0.5819935691318328,0.8681895352217976,"{'0': 0.9823297539758054, '1': 0.5819935691318328}",2,7668,0.5,1.4191098103503055,260,0.03390714658320292
46,0.0031414402316125227,34,0.6235294117647059,0.9881057593165414,0.8692488424927387,0.9895522113643258,0.9201844548380336,0.9910550863020658,0.9881057593165414,0.988938134889369,0.7388059701492538,0.9911012235817576,0.8465558194774346,0.9950771536404319,"{'0': 0.9938130901986324, '1': 0.8465558194774346}",2,27156,0.5,0.08041264499932352,899,0.033105022831050226,0.9654276059266961,0.7443678480881386,0.8651943390839757,0.7912662016723965,0.9742828298981681,0.9654276059266961,0.9688473944564476,0.4975124378109453,0.7575757575757576,0.6006006006006006,0.8678178147559035,"{'0': 0.9819318027441923, '1': 0.6006006006006006}",2,3847,0.5,1.2846652786232662,132,0.03431245126072264,0.9663536776212832,0.7451101365246909,0.8081616547599269,0.7726077971159084,0.9707734972208157,0.9663536776212832,0.9682697855098642,0.503030303030303,0.6384615384615384,0.5627118644067797,0.8409653285429474,"{'0': 0.9825037298250373, '1': 0.5627118644067797}",2,7668,0.5,1.7513096527131853,260,0.03390714658320292
47,0.003367655573360373,34,0.6235294117647059,0.9895419060244514,0.8811825846449217,0.9913691324349632,0.9286828466628827,0.991917479121512,0.9895419060244514,0.9902017826148342,0.762596071733561,0.9933259176863182,0.8628019323671497,0.9964463314046917,"{'0': 0.9945637609586157, '1': 0.8628019323671497}",2,27156,0.5,0.0668065003236356,899,0.033105022831050226,0.9682869768650897,0.7587827238317286,0.866674823606183,0.802284453850898,0.9752966374799931,0.9682869768650897,0.9710183658962452,0.5263157894736842,0.7575757575757576,0.6211180124223602,0.849223051511073,"{'0': 0.9834508952794357, '1': 0.6211180124223602}",2,3847,0.5,1.3118189132997082,132,0.03431245126072264,0.9701356285863328,0.7689659448769554,0.8175413274630337,0.7910159962191858,0.9729320298634277,0.9701356285863328,0.9713719804649059,0.5501618122977346,0.6538461538461539,0.5975395430579965,0.8303629651935538,"{'0': 0.9844924493803752, '1': 0.5975395430579965}",2,7668,0.5,1.718522189878657,260,0.03390714658320292
48,0.003250954995821102,34,0.6235294117647059,0.9884371777875975,0.8720263619872517,0.989723594233656,0.922088678618586,0.9912390858005613,0.9884371777875975,0.9892261583443559,0.7443609022556391,0.9911012235817576,0.8501908396946565,0.9954724928906081,"{'0': 0.9939865175425157, '1': 0.8501908396946565}",2,27156,0.5,0.0681017742956428,899,0.033105022831050226,0.9643878346763712,0.7395092484697499,0.8646559810759002,0.787425044639454,0.9739404310063586,0.9643878346763712,0.9680682573751447,0.4878048780487805,0.7575757575757576,0.5934718100890207,0.8852655083812553,"{'0': 0.9813782791898872, '1': 0.5934718100890207}",2,3847,0.5,1.239927917199091,132,0.03431245126072264,0.9660928534167971,0.7439257439257438,0.8173045771722878,0.7752300259710742,0.9713098359420738,0.9660928534167971,0.9683077914086664,0.5,0.6576923076923077,0.5681063122923588,0.8495379215816581,"{'0': 0.9823537396497896, '1': 0.5681063122923588}",2,7668,0.5,1.62226525359527,260,0.03390714658320292
49,0.0045412010992051015,34,0.6235294117647059,0.9854912358226543,0.848439873739945,0.9892744529209287,0.9058541584981525,0.9897486661158637,0.9854912358226543,0.9867092596670632,0.697111631537861,0.9933259176863182,0.8192660550458716,0.9981693954126666,"{'0': 0.9924422619504335, '1': 0.8192660550458716}",2,27156,0.5,0.06705519736385804,899,0.033105022831050226,0.9636080062386275,0.7362144362831743,0.8679055018557038,0.7858004187109049,0.9739591579494681,0.9636080062386275,0.9675649225944514,0.48095238095238096,0.7651515151515151,0.5906432748538012,0.9210754924752231,"{'0': 0.9809575625680087, '1': 0.5906432748538012}",2,3847,0.5,1.0754846188163603,132,0.03431245126072264,0.9651799687010955,0.7401228575346223,0.8409546851636485,0.7806827646306133,0.9726623531428835,0.9651799687010955,0.9681967721232632,0.49066666666666664,0.7076923076923077,0.5795275590551181,0.8858206824223294,"{'0': 0.9818379702061084, '1': 0.5795275590551181}",2,7668,0.5,1.3191537868093561,260,0.03390714658320292
50,0.0033241130004471368,34,0.6235294117647059,0.9847179260568567,0.842817911569362,0.9888745595591586,0.9017427857814887,0.9893762598657896,0.9847179260568567,0.9860578972662727,0.6858678955453149,0.9933259176863182,0.8114493412085416,0.9975481510455202,"{'0': 0.9920362303544358, '1': 0.8114493412085416}",2,27156,0.5,0.07749907673314067,899,0.033105022831050226,0.9656875487392773,0.7460175775885746,0.8762887964435744,0.7957614602739462,0.9751522228965711,0.9656875487392773,0.9692710570169731,0.5,0.7803030303030303,0.6094674556213018,0.9164250173334964,"{'0': 0.9820554649265906, '1': 0.6094674556213018}",2,3847,0.5,1.0198137522446946,132,0.03431245126072264,0.9649191444966093,0.739212826168751,0.8482420252533643,0.7823176030887444,0.9730992807073898,0.9649191444966093,0.9681692075289293,0.4883116883116883,0.7230769230769231,0.5829457364341085,0.8971922246220302,"{'0': 0.9816894697433803, '1': 0.5829457364341085}",2,7668,0.5,1.2470081105378437,260,0.03390714658320292
51,0.004005072518972003,34,0.6235294117647059,0.9888422448077773,0.875286094151621,0.9904701931701628,0.9245068528121956,0.9914909718085544,0.9888422448077773,0.9895839149297097,0.7508417508417509,0.9922135706340378,0.8548155246765692,0.9982494630490613,"{'0': 0.994198180947822, '1': 0.8548155246765692}",2,27156,0.5,0.06610956582793806,899,0.033105022831050226,0.966467377177021,0.7493280815569971,0.8620794078061911,0.7939970336349926,0.9743816239945285,0.966467377177021,0.9695542043483699,0.5076923076923077,0.75,0.6055045871559633,0.9331712141604469,"{'0': 0.982489480114022, '1': 0.6055045871559633}",2,3847,0.5,1.0805077947870907,132,0.03431245126072264,0.9680490349504434,0.7554073229669476,0.8350172370825719,0.7892048645376507,0.973229472187072,0.9680490349504434,0.9702013433866726,0.5217391304347826,0.6923076923076923,0.5950413223140496,0.9143984154344575,"{'0': 0.9833684067612518, '1': 0.5950413223140496}",2,7668,0.5,1.3864137203856866,260,0.03390714658320292
52,0.0032731581188255535,34,0.6235294117647059,0.9818824569155987,0.8234074990120566,0.989019676854645,0.887565997401103,0.9881991000338732,0.9818824569155987,0.9837254047816347,0.6469314079422382,0.996662958843159,0.7845884413309983,0.9983771476290045,"{'0': 0.9905435534712078, '1': 0.7845884413309983}",2,27156,0.5,0.08051398891995327,899,0.033105022831050226,0.9597088640499091,0.721236543692296,0.8768465271830009,0.7759298319187209,0.9736579096720087,0.9597088640499091,0.964931058131708,0.45021645021645024,0.7878787878787878,0.5730027548209367,0.9301449895999021,"{'0': 0.9788569090165052, '1': 0.5730027548209367}",2,3847,0.5,1.0552261182467673,132,0.03431245126072264,0.9591810119979134,0.7135001394945891,0.8397055158664231,0.760183429274923,0.970921258910268,0.9591810119979134,0.963824763749359,0.4373522458628842,0.7115384615384616,0.541727672035139,0.9079765637979731,"{'0': 0.9786391865147069, '1': 0.541727672035139}",2,7668,0.5,1.3881304792886873,260,0.03390714658320292
53,0.0032495319590956154,34,0.6235294117647059,0.9861908970393283,0.8533982635246824,0.9907105231708326,0.9097993144358165,0.9901492219662188,0.9861908970393283,0.9873127293315732,0.7069510268562401,0.9955506117908788,0.8267898383371824,0.9981462012164095,"{'0': 0.9928087905344507, '1': 0.8267898383371824}",2,27156,0.5,0.06908398339557309,899,0.033105022831050226,0.9656875487392773,0.7457475994513032,0.8689822178718545,0.7934278182764904,0.9746307938453814,0.9656875487392773,0.9691199942651513,0.5,0.7651515151515151,0.6047904191616766,0.9007269872343896,"{'0': 0.9820652173913044, '1': 0.6047904191616766}",2,3847,0.5,1.1935390046512793,132,0.03431245126072264,0.9655712050078247,0.7418582827071856,0.8355904219970094,0.7801638927681719,0.9724090278924464,0.9655712050078247,0.9683620563423041,0.49453551912568305,0.6961538461538461,0.5782747603833865,0.872185994351221,"{'0': 0.9820530251529572, '1': 0.5782747603833865}",2,7668,0.5,1.4937668994731519,260,0.03390714658320292
54,0.0038865894841472377,34,0.6235294117647059,0.9880689350419797,0.8684114667138074,0.9911445617785997,0.9201920062695925,0.991107547662687,0.9880689350419797,0.9889199714432946,0.7370156636438582,0.9944382647385984,0.8465909090909091,0.9966268224972097,"{'0': 0.9937931034482759, '1': 0.8465909090909091}",2,27156,0.5,0.05949011167553801,899,0.033105022831050226,0.9672472056147647,0.7534076490086585,0.8697897548839675,0.799374019059224,0.975169481517972,0.9672472056147647,0.9703003127302962,0.5153061224489796,0.7651515151515151,0.6158536585365854,0.902931400138668,"{'0': 0.9828943795818627, '1': 0.6158536585365854}",2,3847,0.5,1.1759550082138654,132,0.03431245126072264,0.9658320292123109,0.7427703601073612,0.8245919172620038,0.7770506735701616,0.971725674691247,0.9658320292123109,0.9682934641214772,0.4971590909090909,0.6730769230769231,0.5718954248366013,0.8731978941684666,"{'0': 0.9822059223037218, '1': 0.5718954248366013}",2,7668,0.5,1.5040936279002894,260,0.03390714658320292
