,count,mean,std,min,1%,5%,25%,50%,75%,95%,99%,max,missing_count,inf_count,zero_count,negative_count
flow_id,38671.0,1275668663233480.2,519386892479142.44,139165655766.0,268729878543981.4,582621142775967.5,817247180396931.0,1238260148768394.0,1712940929165596.5,2135186190734017.5,2228322581177433.0,2251716171744908.0,0,0,0,0
source_port,38671.0,30869.134157378914,24208.691360857887,0.0,8.0,53.0,443.0,33980.0,54191.0,63114.5,65042.3,65534.0,0,0,266,0
destination_port,38671.0,17350.202115280183,23041.594997468525,0.0,0.0,53.0,443.0,4240.0,38508.5,61445.5,64664.3,65534.0,0,0,1187,0
protocol,38671.0,9.151353727599494,6.294420889355904,1.0,1.0,6.0,6.0,6.0,17.0,17.0,17.0,58.0,0,0,0,0
flow_duration,38671.0,1425156.458948566,2011034.1736247586,0.0,0.0,0.0,3398.5,76639.0,2873308.5,5633705.0,6041836.200000001,6091645.0,0,0,8073,0
total_fwd_packets,38671.0,14.948152362235266,204.1286242616791,1.0,1.0,1.0,1.0,2.0,4.0,24.0,200.0,27112.0,0,0,0,0
total_backward_packets,38671.0,10.994259264047995,124.57934419638872,0.0,0.0,0.0,0.0,1.0,3.0,20.0,185.3000000000029,9560.0,0,0,15958,0
total_length_of_fwd_packets,38671.0,9652.85239585219,255655.0904415264,0.0,0.0,0.0,0.0,46.0,502.5,7046.5,79248.60000000207,37971444.0,0,0,10720,0
total_length_of_bwd_packets,38671.0,7923.78986837682,144212.65538961437,0.0,0.0,0.0,0.0,0.0,210.0,5840.0,88865.90000000379,13342462.0,0,0,22353,0
fwd_packet_length_max,38671.0,295.22665563342036,489.0038848930347,0.0,0.0,0.0,0.0,44.0,298.5,1448.0,1460.0,1701.0,0,0,10720,0
fwd_packet_length_min,38671.0,60.01290372630653,193.69953141573674,0.0,0.0,0.0,0.0,0.0,43.0,261.0,1200.0,1701.0,0,0,20172,0
fwd_packet_length_mean,38671.0,152.6458447581133,288.92964377620393,0.0,0.0,0.0,0.0,37.0,128.0,843.55,1339.6102862000002,1701.0,0,0,10720,0
fwd_packet_length_std,38671.0,100.31514621468284,203.75906103936572,0.0,0.0,0.0,0.0,0.0,49.497475,617.4831755,747.4239928000002,1032.375901,0,0,24826,0
bwd_packet_length_max,38671.0,229.5098911328903,458.7081963646595,0.0,0.0,0.0,0.0,0.0,128.0,1448.0,1460.0,1472.0,0,0,22353,0
bwd_packet_length_min,38671.0,35.664787566910604,139.94909670117298,0.0,0.0,0.0,0.0,0.0,0.0,172.0,636.2000000000116,1460.0,0,0,29170,0
bwd_packet_length_mean,38671.0,115.28587405466628,256.5164366866461,0.0,0.0,0.0,0.0,0.0,82.0,673.0208335,1279.1250000000036,1460.0,0,0,22353,0
bwd_packet_length_std,38671.0,81.6977597607251,191.9967477525878,0.0,0.0,0.0,0.0,0.0,4.2150095,604.8503075,731.1243719000004,1032.375901,0,0,28735,0
flow_bytes_per_s,38671.0,297153.1767502296,12510845.155865906,0.0,0.0,0.0,0.0,180.799132,6959.5600665,122053.9954595,835119.310994506,1132000000.0,0,0,15628,0
flow_packets_per_s,38671.0,1699.5855398967442,49324.77941135043,0.0,0.0,0.0,0.44636200000000004,5.368976,97.23370349999999,621.7938899999999,3208.086899800005,3000000.0,0,0,8073,0
flow_iat_mean,38671.0,599315.0882183084,1304102.8519421117,0.0,0.0,0.0,2518.903279,23192.222222,349224.75,4135787.5,5685676.200000001,6091203.0,0,0,8073,0
flow_iat_std,38671.0,181065.658354333,456256.5521447126,0.0,0.0,0.0,0.0,0.0,63602.429231999995,1105322.5130295,2262340.1696672025,4186731.168144,0,0,21634,0
flow_iat_max,38671.0,999506.6010447105,1580585.6034163584,0.0,0.0,0.0,3285.0,53668.0,1517034.5,4831649.0,5767732.0,6091203.0,0,0,8073,0
flow_iat_min,38671.0,497379.3099221639,1308145.8226795215,0.0,0.0,0.0,0.0,720.0,26300.0,4135787.5,5685676.200000001,6091203.0,0,0,12889,0
fwd_iat_total,38671.0,1358900.776576763,1981214.3619524264,0.0,0.0,0.0,0.0,47288.0,2688116.5,5595132.5,6034858.6,6091645.0,0,0,15288,0
fwd_iat_mean,38671.0,676193.5005451738,1360556.5550070563,0.0,0.0,0.0,0.0,14781.0,549311.6833335,4303849.0,5695614.00000001,6091203.0,0,0,15288,0
fwd_iat_std,38671.0,168082.8690974425,458862.3523382224,0.0,0.0,0.0,0.0,0.0,23628.863241,1148030.3775935,2293565.1366257,4228190.252939,0,0,25912,0
fwd_iat_max,38671.0,990870.6175945799,1586651.3601971113,0.0,0.0,0.0,0.0,32615.0,1549328.0,4826566.0,5777159.1000000015,6091203.0,0,0,15288,0
fwd_iat_min,38671.0,579398.315843914,1362869.6011685356,0.0,0.0,0.0,0.0,8.0,68872.5,4303849.0,5695614.00000001,6091203.0,0,0,17540,0
bwd_iat_total,38671.0,654598.8033410049,1529487.7932675239,0.0,0.0,0.0,0.0,0.0,62937.0,4959209.5,5936272.000000001,6088051.0,0,0,25563,0
bwd_iat_mean,38671.0,147911.5797311737,498184.41912214423,0.0,0.0,0.0,0.0,0.0,12807.0,1000559.0,2569679.6000000015,5923552.0,0,0,25563,0
bwd_iat_std,38671.0,118200.82540140544,385627.2048468826,0.0,0.0,0.0,0.0,0.0,3945.3304609999996,814270.678107,2044937.6782965031,4281264.273721,0,0,28132,0
bwd_iat_max,38671.0,372093.0716816219,969043.4012351425,0.0,0.0,0.0,0.0,0.0,39774.5,2640208.5,4869635.100000002,6064428.0,0,0,25563,0
bwd_iat_min,38671.0,78668.02844508806,430199.8246704578,0.0,0.0,0.0,0.0,0.0,7.0,219449.0,2319808.8,5923552.0,0,0,27449,0
fwd_psh_flags,38671.0,2.0496754674045152,29.557782698660155,0.0,0.0,0.0,0.0,0.0,1.0,5.0,28.0,3230.0,0,0,24023,0
bwd_psh_flags,38671.0,1.8340616999818986,39.95036038515509,0.0,0.0,0.0,0.0,0.0,0.0,4.0,21.0,5831.0,0,0,29408,0
fwd_urg_flags,38671.0,5.171834190995837e-05,0.007191453572257044,0.0,0.0,0.0,0.0,0.0,0.0,0.0,0.0,1.0,0,0,38669,0
bwd_urg_flags,38671.0,2.5859170954979184e-05,0.00508519133907262,0.0,0.0,0.0,0.0,0.0,0.0,0.0,0.0,1.0,0,0,38670,0
fwd_header_length,38671.0,551.5277081016783,7898.613913261264,20.0,28.0,28.0,40.0,84.0,160.0,936.0,6904.0,1084480.0,0,0,0,0
bwd_header_length,38671.0,426.2265780559075,4911.9165479741505,0.0,0.0,0.0,0.0,28.0,120.0,778.0,5973.200000000012,382400.0,0,0,15958,0
fwd_packets_per_s,38671.0,1627.1384496372218,49315.65834439393,0.0,0.0,0.0,0.413664,3.185094,52.5942105,319.13196949999997,2072.7116110001357,3000000.0,0,0,8073,0
bwd_packets_per_s,38671.0,72.44709026060872,606.3210245581953,0.0,0.0,0.0,0.0,1.287159,34.3559745,283.91615049999996,846.1588864000013,71428.571429,0,0,15958,0
min_packet_length,38671.0,40.551058933050605,157.5937885717047,0.0,0.0,0.0,0.0,0.0,31.0,127.0,1200.0,1701.0,0,0,24519,0
max_packet_length,38671.0,370.7506658736521,547.6026784117124,0.0,0.0,0.0,0.0,48.0,517.0,1460.0,1460.0,1701.0,0,0,9963,0
packet_length_mean,38671.0,157.47234891068243,259.66401213483846,0.0,0.0,0.0,0.0,39.5,194.0,724.0,1200.0,1701.0,0,0,9963,0
packet_length_std,38671.0,139.09526391282873,227.19084330751295,0.0,0.0,0.0,0.0,6.350853,186.6311705,645.134751,715.7733802000001,1032.375901,0,0,17422,0
packet_length_variance,38671.0,70961.83698664515,142394.3072710054,0.0,0.0,0.0,0.0,40.333333,34831.195813,416198.85403349996,512331.53272750025,1065800.0,0,0,17422,0
fin_flag_count,38671.0,0.13115771508365442,0.45961182813327706,0.0,0.0,0.0,0.0,0.0,0.0,1.0,2.0,6.0,0,0,35236,0
syn_flag_count,38671.0,0.3258255540327377,1.5216275331381266,0.0,0.0,0.0,0.0,0.0,1.0,2.0,2.0,150.0,0,0,28967,0
rst_flag_count,38671.0,0.05981226241886685,0.6675192551240329,0.0,0.0,0.0,0.0,0.0,0.0,0.0,1.0,77.0,0,0,37130,0
psh_flag_count,38671.0,3.8837371673864136,53.96789918357685,0.0,0.0,0.0,0.0,0.0,2.0,10.0,48.0,6340.0,0,0,23218,0
ack_flag_count,38671.0,14.786480825424738,259.820355772317,0.0,0.0,0.0,0.0,1.0,4.0,24.0,153.3000000000029,33430.0,0,0,17600,0
urg_flag_count,38671.0,7.757751286493755e-05,0.011370715892978611,0.0,0.0,0.0,0.0,0.0,0.0,0.0,0.0,2.0,0,0,38669,0
cwe_flag_count,38671.0,0.022988802978976493,0.7388611326335741,0.0,0.0,0.0,0.0,0.0,0.0,0.0,1.0,73.0,0,0,38158,0
ece_flag_count,38671.0,0.026660805254583538,0.7446648914881191,0.0,0.0,0.0,0.0,0.0,0.0,0.0,1.0,73.0,0,0,38117,0
down_up_ratio,38671.0,0.5888650098264849,0.8671626783421051,0.0,0.0,0.0,0.0,0.5,1.0,1.571429,2.9325545000000206,50.0,0,0,15958,0
average_packet_size,38671.0,157.47234891068243,259.66401213483846,0.0,0.0,0.0,0.0,39.5,194.0,724.0,1200.0,1701.0,0,0,9963,0
avg_fwd_segment_size,38671.0,152.6458447581133,288.92964377620393,0.0,0.0,0.0,0.0,37.0,128.0,843.55,1339.6102862000002,1701.0,0,0,10720,0
avg_bwd_segment_size,38671.0,115.28587405466628,256.5164366866461,0.0,0.0,0.0,0.0,0.0,82.0,673.0208335,1279.1250000000036,1460.0,0,0,22353,0
init_win_bytes_forward,38671.0,12237.136820873522,20565.083241916713,-1.0,-1.0,-1.0,-1.0,501.0,20246.5,65535.0,65535.0,65535.0,0,0,301,11717
init_win_bytes_backward,38671.0,4563.250937394947,14225.44507559179,-1.0,-1.0,-1.0,-1.0,-1.0,510.0,33212.0,65535.0,65535.0,0,0,177,22800
act_data_pkt_fwd,38671.0,5.115150888262522,162.48297225206994,0.0,0.0,0.0,0.0,0.0,1.0,7.0,56.30000000000291,27112.0,0,0,22418,0
min_seg_size_forward,38671.0,15.574254609397222,11.019167220553733,0.0,0.0,0.0,0.0,20.0,20.0,32.0,32.0,44.0,0,0,11717,0
active_mean,38671.0,1204994.2899200951,1842747.9523967353,0.0,0.0,0.0,1038.0,55644.0,2202181.0,5203633.5,6025167.900000006,6091616.0,0,0,9172,0
active_std,38671.0,1054.1956421757648,15089.481618305044,0.0,0.0,0.0,0.0,0.0,0.0,0.0,4540.82761650008,709627.616861,0,0,38227,0
active_max,38671.0,1205739.718807375,1842356.2748974285,0.0,0.0,0.0,1046.5,56453.0,2202181.0,5203633.5,6025167.900000006,6091616.0,0,0,9172,0
active_min,38671.0,1204248.8610328152,1843201.3131848357,0.0,0.0,0.0,43.0,53888.0,2202181.0,5203633.5,6025167.900000006,6091616.0,0,0,9576,0
idle_mean,38671.0,219366.9040366166,1077959.0860020313,0.0,0.0,0.0,0.0,0.0,0.0,0.0,5767732.0,6091203.0,0,0,37128,0
idle_std,38671.0,0.0,0.0,0.0,0.0,0.0,0.0,0.0,0.0,0.0,0.0,0.0,0,0,38671,0
idle_max,38671.0,219366.9040366166,1077959.0860020313,0.0,0.0,0.0,0.0,0.0,0.0,0.0,5767732.0,6091203.0,0,0,37128,0
idle_min,38671.0,219366.9040366166,1077959.0860020313,0.0,0.0,0.0,0.0,0.0,0.0,0.0,5767732.0,6091203.0,0,0,37128,0
label,38671.0,0.033384189702878125,0.17963997347376684,0.0,0.0,0.0,0.0,0.0,0.0,0.0,1.0,1.0,0,0,37380,0
