flow_id,packet_count
281632906290924,2
281666626122137,2
281899248441052,1
281966559501047,2
281972289391021,22
282175113199966,19
282616038649799,1
282807409120578,2
282846532255599,1
282908849935827,1
282988111969681,16
283013992403878,7
283170621013455,2
283203639893804,10
283210248703041,2
283239861847013,11
283292850048388,10
283406954112343,9
283411458620035,2
283463650971317,49
283547044644646,3
283554891982930,14
283598998347415,2
283649825667782,3
283770177390181,5
283903655533612,4
284142130836927,24
284164446518483,32
284174110975892,18
284202684734944,22
284280021272771,1
284323217399044,51
284383471781200,1
284384905968360,3
284385982291100,48
284503186522835,1
284591123982444,1
284609668762162,1
284609851296708,2
284645327003452,24
284673290112191,1
284705524801711,18
284803515060492,11
285023272372677,17
285081382551128,14
285268134144314,2
285356896792340,1
285368690733157,6
285421290244380,1
285579946653520,1
285646800154994,1
286085014217294,3
286587155460326,4
286610510011006,6
286709005890666,6
286805219283376,3
287307198056325,15
287399707183343,2
287457586025898,21
287499975393822,2
287664509515251,3
287706687516233,7
287733055247155,2
287781496626999,2
287920891786153,25
288003900941722,2
288042701406053,1
288045023758481,183
288288323431092,3
288420158526273,8
288582076868653,1
288661889289567,3
288666422523074,10
288696716883512,6
288780253400407,18
288961074460426,2
288975178313626,34
289004708514553,2
289056841853725,6
289108870799644,27
289295241287540,4
289527445715588,3
289602332611235,1
289612383343909,26
289726790597598,123
289769903815952,1
289934385062438,16
290018459118728,5
290374502208012,2
290440597028170,8
290936452004865,1
291315444343244,2
291615983020385,1
291802981518847,53
291820351842338,2
291890572694049,2
292122094092787,1
292315875815421,9
292323472457455,24
292398558514240,2
292398770907580,14
292499008260423,20
292583823157413,3
292696031061198,2
292953418746778,1
292990153709055,9
293081591515890,3
293125322394636,3
293172200870234,2
293234185699452,1
293266175563496,2
293326044485445,1
293329995239331,12
293542274151520,13
293621564938162,4
293661946599829,4
293779630496218,2
293780761546882,2
293802171920593,123
293827558812741,3
293965608332071,2
294003089894472,2
294012034085557,18
294053697937290,2
294100520624969,2
294116746327200,2
294303325624681,19
294426421495108,10
295624145993152,2
296251128243050,16
296384471164538,2
296402787652703,6
296450103876415,2
296923888393531,1
297394358819829,8
297745534304317,8
297799854974948,2
297800514112474,24
298465286061919,4
298698755806414,3
298729717580595,1
298735001682128,1
298910417715417,2
298911917178346,2
299905650442625,25
300035466888837,5
300037839163216,4
300128300620365,2
300265688174856,11
300300354281287,13
300345540681225,3
300409854679667,3
300528995843558,1
300879961271232,52
300908122439731,2
301042679228072,1
301100393688869,1
301373243988067,10
301631794547732,1
301812320573021,5
301850273657028,5
301859614533488,9
301940077240352,37
301944529341645,6
301956174093631,2
301964851061369,1
301976882288149,8
301983751594888,1
301987110218053,1
302026554603228,2
302163910026478,2
302249201389712,2
302322442894956,17
302378682460448,2
302414244196944,4
302431008892049,3
302572814904859,2
302712521571531,1
302765697299997,13
302772229480660,2
302795327520205,5
302807324529741,2
302922605986603,1
303024641956670,1
303092748671865,2
303157975638691,2
303218755589530,10
303252875108724,6
303348539419375,3
304148953000054,10
304154577078953,5
304502199434297,11
304542653555791,8
304719514157004,2
304770655197664,2
304796649129360,2
304920394015579,1
305060565034001,8
305451799038731,1
305525478638605,1
305585448861780,2
305657737353318,1
305682577202701,2
306324117674653,3
306324896650138,2
306329650285289,2
306364386433114,5
306366186063308,3
306386150455784,5
306439544094581,4
306553479915219,2
306600104429231,3
306676539335901,25
307136107643970,15
307347678170831,48
307416124149660,2
307606358711691,2
307634793707502,332
307983410477335,12
308306924568202,22
308360563497136,28
308472141831845,1
308563428922658,6
308935674138296,2
308977713405790,76
309248161434493,1
309285862318832,107
309741816929535,3
309923332563244,2
309925153507187,17
309934238568967,2
309944021843750,435
309962683838517,32
309991244861681,5
310027080080076,3
310267409382949,2
310281440145909,1
310362192047593,3
310430195070959,1
310620222530963,1
310660528587573,7
310681464796471,2
310740379755030,1
310771955479123,2
310877824928210,17
310934373515920,2
310972203916494,2
311018353544137,2
311023186957813,2
311033340267410,2
311252078205093,3
311404780683905,7
311574926901160,2
311776064460066,7
311874888293584,2
311985152061623,8
311992600970824,2
312005732239007,2
312235650583434,22
312287120049471,1
313153989773349,1
313266573105511,4
313287146584470,1
313342339087286,22
313412445733816,1
313701394658185,3
313744688804841,3
313962651947889,24
314045962752613,2
314063993055528,3
314164158070547,2
314209245246261,1
314248274374968,9
314251276951405,3
314263390186884,1
314377393169538,11
314377623154082,3
314432419803873,130
314437380688167,6
314501167838766,2
314576892076499,2
314595967123099,15
314754200058867,2
314788944282543,4
314871743765594,2
314896902524826,2
315005392269992,16
315043242393853,2
315143678375769,1
315173473327938,3
315236906354716,2
315269751718527,1
315505875070579,4
315639834465906,5
315760014568477,2
315889375211065,1
316287045019886,2
316374484608966,6
316438591539709,3
317425612949816,14
318180830696067,1
318187212074009,2
318224566466441,1
318227917608751,1
318234601190678,2
318572277856516,16
318649327865040,24
318699621700755,4
318700265581883,3
318755496259514,2
318777726821660,1
318783689824231,24
318840190660479,8
318874856107245,22
319242812229130,1
319305901560401,1
319375736506666,2
319416771572602,3
319518740320400,2
319611622069993,2
319617650700383,1
319624081048063,2
320000642183526,7
320363219492178,16
320600566518924,3
320700616437580,16
320735894607279,2
320998462509603,40
321121111641031,1
321351700376368,3
321358847489186,2
321563767433654,1
321745539798014,22
321801759796302,2
321911587876289,3
322209507175272,2
322475933079331,2
322587032986984,4
322701374423538,2
322749501293227,2
322761235473014,1
322794402194053,1
322798375737948,13
322800642253743,1
322827501801625,12
323024771149733,8
323234162897393,9
323377367704749,1
323599514554944,22
323751856800236,2
323819128554922,1
323841919390311,1
323891465004439,1
324045408577866,1
324116533503072,29
324259542319008,1
324270350235991,2
324310045077790,2
324325323182399,1
324617373927703,4
324814299228156,1
324880924588711,1
324938866676310,1
324989624756587,2
325209196666948,23
326619884536380,1
326670191308599,1
326859768103423,2
327079528674116,12
327096915909275,1
327280365359449,711
327398438007554,259
327427513094780,2
327556839729165,3
327648778212816,2
327813782630435,1
327870577510839,1
327969047872775,6
328000439883822,2
328026025470829,2
328038036587330,2
328107249826967,2
328127817340491,3
328196866319493,1
328268443603901,5
328329744221860,5
328523271088264,1
328655957604161,4
329100367880177,21
329417353010428,35
329588626710087,1
329737941147963,11
329992404543397,13
329998507605675,1
330334216190340,4
330720955337633,29
330804042936282,1
330849295697777,1
330879442063350,2
331160617095014,2
331165080314396,3
331383045540784,2
331399494300667,2
331722478716636,27
331812911121149,1
331829271655853,1
331913034699804,1
331962132180416,2
332018290239693,1
332061146651392,1
332713045056314,2
332719017114874,3
332739773783013,27
332830318675571,2
332877238785314,50
332900119170869,2
333069169435494,3
333179455478669,4
333213367567793,3
333234456284027,30
333809845500383,9
333979444085733,2
334250087301414,1
334317662843559,1
334870936954758,10
335046747489630,3
335083442859768,2
335100553435899,1
335132409421948,1
335169060965949,1
335186845923776,1
335371009589990,1
335393150146001,6
335421962716149,14
335474688137807,2
335713931560822,10
335776860688584,23
335862254605890,21
335932079822639,1
336078472930299,4
336185249626374,10
336191972629132,1
336211735532324,1
336221189240991,11
336254572977735,1
336425168051947,3
336523594366770,1
336573483268411,15
336666198147586,4
336855160855032,1
336949949679452,1
336982036413468,2
337051886711726,1
337087641827501,4
337113518182564,2
337442115537916,44
337480410390651,17
337615820666375,2
337698858199546,2
338072701051880,2
338119648244211,2
338345279627584,2
338416042731253,4
338646148454612,2
338882280346104,4
339331255213223,3
339411222246217,3
339428623026509,4
339583303320569,2
339732005568187,5
339751479870613,2
339772294275497,1
340360300340812,8
340513312336850,2
340702267436557,15
340703794557414,12
340728150221731,5
341192529540737,5
341387599547723,2
341400311149385,3
341514507004169,1
341751980776885,2
341830253752611,2
341859705592311,2
342568193035703,7
342631570338241,6
342677345871602,2
342714560215359,2
342819598138100,2
343091948508266,3
343116558121630,3
343125217092328,2
343767284825217,19
343931032481290,2
343946417292271,31
344675426656502,72
344859373572913,8
344949341817761,3
344976880710655,1
345002740276109,1
345407263185508,85
345596766126608,6
345632088946461,6
345634111765577,1
345635617661928,14
345729815960594,1
345795365522540,26
345888794096139,4
345909287258082,2
345995375028154,5
346080901336632,1
346169194405054,1
346246392218679,2
346567564362375,2
346936439515203,19
346998152401785,1
347053989551923,3
347097908823470,1
347414640992457,1
347445601389029,13
348621196903472,1
348693164833629,2
348865438481810,2
348972361970300,12
349034548545463,12
349060262216591,14
349082564358367,7
349109577772346,7
349252896283395,7
349337605084258,2
349366011744611,2
349411654903613,94
349585448277109,2
349719478610761,2
349844990206819,1
349936892092855,9
350030127516751,1
350080727157742,1
350112101195378,2
350116122860123,3
350144703091115,1
350268856462410,3
350331659743463,1
350339344955123,1
350424776935767,16
350471972515673,2
350569405423543,4
350766091063232,7
351474913845725,2
351531961355236,38
351549843009700,2
351570038678932,2
351762069271867,3
351879022039324,2
351904395270862,2
352189073660375,2
352458125985649,2
352553927482310,31
353507404409004,6
353531253873299,2
353738797188325,56
353757896883014,1
353937353423932,4
353972726153070,1
353975068886666,29
354036476436241,1
354478470335967,18
354478943727165,1
354480364987692,2
354546681313035,2
354557255758263,2
354626049098453,1
354747652541111,5
354910043217637,36
355119414827797,7
355465426057377,4
355865356493120,4
355938225580189,1
355953019958159,9
356023290835557,6
356437189483512,7
356529923138889,21
356591690644467,3
356606148574375,34
356615936482309,25
356956565447210,15
357294962360828,2
357323530013848,4
357339840423376,10
357501061105814,17
357545937032984,22
357554910270995,2
357580284184458,2
357643486214200,6
357790166066419,14
357851125617374,22
357900685302475,17
357952092085422,18
358099357371836,4
358174003540948,2
358211980897522,4
358221122004396,2
358289862190564,14
358346794729280,8
358377025155576,2
358378376216419,7
358402265609022,3
358414850671183,26
358417112270157,13
358434258477962,1
358456945205372,13
358468723621391,20
358590918844373,5
358746988949309,1
359013671295190,3
359139673325119,3
359284845422152,1
359295245962552,8
360243570143958,2
360294712482772,2
360407170625268,13
360416006552745,2
360567053733375,17
360769032403810,2
361503980931457,3
361505434696460,6
361669591835366,2
361867088225181,7
361997473793751,1
362388704550557,2
362517132822446,2
362715547450366,2
362954743186136,19
363137906773858,2
363314849073289,2
363379673672359,2
363436597799465,1
363469782323852,2
363593172565101,4
363604088993351,12
363795715491934,20
363821353270001,18
363943032882879,4
364407064899956,1
365146786012017,7
366188343009274,9
366203588821767,26
366253767677956,15
366629084075323,3
366748864543746,18
367240247486832,5
367272996684146,1
367339248973548,2
367577423293072,2
367618979031741,8
367703556706676,9
367805338974620,1
368230061280174,3
368289407678408,5
368309643096334,2
368513382343066,1
368559288966158,1
368683117464276,1
368766355030245,3
368820738065542,6
368928837060535,9
368935357300431,1
368982614602364,9
369109625471582,2
369474904215803,3
369558757241137,2
369934448271795,4
370420539396170,1
370975705731646,27
371021120347220,8
371063143977358,8
371486204046821,1
371863990199573,24
372015921481542,5
372020017055855,1026
372037356838369,2
372048485152467,1
372071161582719,745
372173645142255,4
372329415748504,4
372331541833308,2
372512330368424,2
372563277034100,1
372774995083935,35
372820388491945,4
373103931907732,2
373485252407491,3
373895106178714,3
374491353537564,31
374581674331521,3
374625393238208,9
374859807707215,25
374870389169711,93
375370544633214,5
375479357340449,2
375575022362166,163
375621733594696,3
375652603844991,2
375652924065529,4
375808620795821,2
376123472857740,2
376199604096033,2
376485967332767,4
376927740862295,16
377031053586476,4
377099184991275,3
377136157736896,2
377140637574440,1
377198863344420,68
377422399558793,2
377828609753049,10
377902053398034,2
377953867894883,1
378513435797844,15
378649073983394,1
379186780682079,4
379373181766888,10
379452546937350,19
379712618542593,22
379720889754140,10
379738694261452,6
379790047045469,2
379826830113317,8
380035670550931,1
380147798995351,2
380399428048981,1
380451758091470,2
380622080921347,4
380639969145811,34
381421760672475,888
381868635303312,3
381999728737201,4
382011905289312,10
382048854100677,4
382301536884717,5
382346476493419,3
382779519089135,20
383043485675482,1
383327546952306,22
383473418458877,42
383506146806245,14
383581451633552,15
383617931489808,2
383756401895866,5
384282696674497,3
384337014785835,3
384548428038234,1
384708224075523,10
384829305839990,2
384869972313178,1
384940204349041,3
385017012836907,1
385092988879097,12
385179409173466,1
385205760984021,10
385213890547331,6
385345534828629,6
385411024504548,7
385508835386213,553
385531464986230,72
385552715601472,849
385671792181160,3594
385705164438826,23
385733582554859,2
385875510348413,2
386229329146343,2
386261933284244,5
386397618870443,3
386522234833821,26
386586961560648,2
386629687504363,2
386679612946592,24
386813768425378,1
386875733116500,123
386901638065953,466
386952041160676,10
386958368121043,2
386982258282545,70
387122401133130,7
387382575269234,4614
387962857285827,32
387993597045155,1
388018739744811,44
388030704618384,2
388115322164559,2
388170146599421,1
388180250241234,2
388550162644696,163
388561391111212,15
388573557597287,2
388584953631436,112
388587881284048,1
388591011017303,4
388631321442625,1
388639580026009,1
388669398335713,1
388687096622434,3263
388709562105956,1
388716610770603,3
388760019840059,3
388772627249022,1
388784302482466,2
388805126606578,1217
388830922075988,117
388874421190999,6
388887631374067,61
388896600010800,114
388928094718628,2
388930287640400,3014
388966205817974,1
388974653695371,27
388974654149251,13
388981697308464,71
389032512904393,36
389109265127734,436
389114918181467,944
389121287037359,2
389157967863156,106
389183773701640,8
389201404390474,2
389224946406881,17
389239898258790,2
389279703227823,4
389374432115436,10
389377966557179,50
389434358026591,409
389484649327899,316
389574880954610,32
389578607546814,2988
389579473700896,3
389608419906682,11
389679376348878,1
389735122178492,3
389748072821655,4
389782567487900,115
389842275209667,5
389886089963104,1
389919997096960,35
389927782733247,1
389940731321412,2
389948839673215,50
389991543607323,7
389993948079623,1539
390044126142653,44
390048325402361,52
390079890345579,5
390091578468048,7
390135649305970,1675
390187649947818,441
390285451054036,1
390294158302190,3
390319083150751,2
390326154919700,3
390335774313738,1101
390506842070190,3
390539793005413,9
390546911392839,1
390738524821882,18
390819978547040,3
390867149360719,6
391029014592405,67
391065376364019,2
391174091250152,9
391186528892336,4
391230664196376,5
391350094047268,22
391371071175288,3
391509188831152,1
391840485100101,2
391964736609970,137
392001562348433,4
392205138321949,2
392227653363671,1
392252673680788,3
392325370100787,1
392329981182623,36
392414326020252,2
392419951561667,18
392519369615774,50
392575997392627,63
392607331803434,15
392949404359309,8
392954985533950,122
392970788868088,111
392971133211740,7
392985637600278,1
392995074916823,122
393063102350637,4
393106666445758,202
393116038387106,114
393175594628863,20
393200688889857,81
393213912583705,2
393337564566817,2797
393375012459905,155
393425908566614,7
393531369558531,14
393551494093871,100
393694182385370,1
393698725241331,2
393858750105168,2
393890828346821,12
394000493344727,4
394053275443576,3
394084339869005,8
394112194853324,5
394134990359138,4
394189950283596,4
394288222729573,56
394494238627194,6
394610644706673,12
394623215034785,24
394833237860542,10
395052494473504,196
395082279879197,4
395108441018258,109
395378555619766,2
395385551552284,2
395441827141736,3
395504059075784,1
395586234728627,6
395648928763208,20
395673077719208,1
395696285775386,13
395952764033350,114
395996855107321,47
396028925443009,1
396158455154681,43
396202258859429,4
396465640801736,7
396530828337133,1
396620510819314,2
396787668715151,4
397174228066674,802
397346120473516,3
397347226322359,12
397390091830441,5
397396684845781,3
397456788884687,59
397506966683440,28
397510752734621,118
397522596136055,32
397547011565494,18
397569190667131,23
397578272928731,1
397608604852941,42
397658628421641,50
397686563802379,2
397720718766735,2
397757435439060,20
397759519811819,2
397795959118703,116
397805870620326,262
397884746290759,14
397886198292695,16
397928721665043,26
397966882320648,112
397972733213880,69
397989364759780,110
398009577569589,1
398032701763792,17
398052715163993,10
398055972313144,4
398101957583470,1
398245329138449,1
398510879624302,3
398552696177633,2
398747616403575,70
398791812688590,12
398821301191663,12
399554952779049,3
399609202415094,3
399680142558664,20
399766596076322,655
399853632100124,4
399880772827439,723
399987970634166,2
400001713820813,25
400425824980014,24
400780165102191,43
400801593713170,2
400854577164741,1
400921885561840,22
400938368559477,13
401055361232729,23
401182418493246,4
401236284912357,111
401297318026748,10
401325652325354,2
401551789798379,4
401634383673541,5
401744949488295,71
401821334840167,113
401870605456531,1
401946869647140,12
401975279165231,656
401988611790004,20
402105389098470,1
402155968057265,1
402179530623520,8
402345309348125,65
402383608034801,3
402398995624321,5
402493984795956,34
402556191364860,2
402580252004753,2
402585557541862,3
402691654276193,20
402710410925486,19
402728052724068,3
402938759242549,13
402969631285245,47
402980029437330,22
403021782796608,27
403024090373702,20
403039082219035,1
403073172272485,18
403096165178244,25
403236161819786,1
403326559491944,24
403429135973288,3
403537002041253,1
403590137432660,2
403623945579096,14
403967093762207,1
404259672579022,1
404270330216960,18
404343732091915,252
404393226336393,2
404402715627407,8
404450342633262,4
404470041335147,5
404619771069203,1
404744476919401,29
404819171294689,3
404882469870199,1
404886423554404,3
405073230775463,14
405187160519174,3
405187197428377,3
405232250262292,18
405309401396627,4
405330743344803,1
405394523111259,17
405507222405111,4
405536605707223,1
405637986130385,2
405666387552457,7
405701354689810,11
405761704205936,2
405792876862284,1
405795323524720,1
405861268575069,2
406128817515339,14
406141028976233,3
406151467030492,2
406151611430658,1
406184085401719,1
406221714651972,3
406235677621888,1
406250130783858,5
406261091930914,26
406270332235571,1
406436724975714,3
406491901607941,3
406500979678524,3
406550540685747,3
406563162842456,6
406660481650921,1
406695343568507,1
406706457615668,1
406713145623079,2
406734801230304,567
406741285045998,36
406846001648533,1
406859003091948,3
406869116903158,3
407108350902330,1
407256739665051,1
407348387387905,79
407374725471409,10
407399507726242,4
407434416169970,4
407438424845497,10
407472618427058,15
407745620584285,181
407812676947231,5
407821886744095,4
407824346484333,2
408074061487595,71
408364688028903,2
408372444667806,2
408385732021063,2
408426120624230,3
408627256186598,2
408628621242195,771
408759951667878,1
409222050684320,2
409480229952808,2
409638793403887,10
409680419658144,2
409857952603455,2
409878556410358,3
409951352742512,1
409952889796823,19
410023982057001,1
410077910841639,1
410133817933501,28
410373204542732,2
410580785599421,31
410651380905958,40
410656093790949,434
410722479141079,3
410774959960011,3
410780009823035,109
410831375409178,2
410834594848006,2
410842064987010,50
410862072414019,3
410873644529062,102
410874951603745,6
410943057712575,1
410960204322785,109
410961053655140,13
410981685796071,1
410999499914011,1
411050739481444,3
411051825466153,2
411116823174630,4
411182772687135,2
411267773960343,430
411350098436640,1
411473811834441,2
411497248102270,4
411513302315939,42
411630030543771,24
411676634772786,23
411712452750858,28
411768324250526,26
411783341598767,19
411862188492688,3
411938581763405,3
411948182101047,15
412132354964466,27
412234406617968,111
412240827081953,30
412261803049381,4
412291520823934,4
412315226141963,5
412337249186923,1
412359783060799,1
412799521572572,1
413132518705876,2
413149241413783,20
413468527944826,30
413633118678363,22
413759293015620,2
413961926366498,43
414007939587150,126
414321634934108,13
414637963383115,1
415075101223645,1
415122951104868,1
415187679287060,111
415229888484467,2
415230913733262,107
415245369419811,1
415297341003499,34
415364734143730,15
415376041273890,116
415754709111725,1
415797159882161,1
415927229584904,5
416069770360838,2
416153486164324,2
416265211507397,8
416306639320962,25
416656673807107,4
416739995810743,15
417216893831451,2
417474360735352,10
417868092944341,4
418061530958374,2
418087514033704,62
418229236049522,161
418278059313067,2
418371270214681,7
418708073766414,8
418799100032238,1
418899941695067,3
418949560213381,4
419032442899572,5
419156202162792,4
419240701184410,3
419336636958578,36
419381436310585,7
419392098932888,2
419409401357050,45
419521044749728,3
419549084496974,1101
419558211530379,64
419601832318030,4
419603420716427,2
419643319882829,3
419718203853864,4
419785680663269,4
419799565433640,92
419863632800917,2
420008296632944,3
420159674568830,41
420177773284350,1
420307399426242,4
420423836619548,3
420623612842498,4
420628786755663,4
420675640364897,43
420739881901750,7
420931072124489,3
420934198048642,11
421163058495107,133
421191268491770,128
421845885754874,232
421921531130494,2
422628380447000,2
422879017874457,115
422880400074374,56
422980589489068,2
423015399759208,3
423141052894937,4
423230681024809,6
423581318172009,2
423700035605206,2
423747976853264,465
423785479950530,33
423833786131520,6
423872647658147,6
423888411200947,4
423941848470112,3
424019919745778,3
424295720934767,36
424306562860247,220
424347943070821,6
424404322676405,3
424891715748106,12
424910231107847,3
425026379705470,161
425075206892123,10
425216419442129,109
425233212898436,18
425257655365391,65
425273030889357,6
425337449438393,489
425351518048085,2
425386534176641,18
425396043952418,19
425418861612240,2
425511648903992,7
425670678252522,10
425697957377179,55
425790398634084,3
425922545599483,2
425972717302113,2
425976122030355,4
426002097180854,4
426033177795830,3
426147483535048,2
426229342245516,13
426289632428078,3
426406663216320,4
426475476197389,20
426515369965077,1
426535967427170,24
426793461618693,8
427026828877961,6
427138210452747,14
427215745812073,30
427251240011486,1
427259087891142,67
427272613294884,2
427408414129808,1
427431839553774,2
427434010379085,14
427450500337374,13
427514478209167,7
427572319259895,2
427595942577258,2
427663333479480,3
427673448990894,1
427677382830103,3
427711956513426,4
427990692124936,3
428075011598481,1
428151457933178,1
428190256275340,1
428216443849428,1
428216750177625,6
428228033221861,1
428248906217552,119
428294212879700,1
428341452213646,23
428354639550647,1
428356801417161,4
428390498500605,121
428473709172328,10
428524640886066,2
428664340406912,20
428694437886353,179
428705347923746,2
428717864194972,1
428782627915079,11
428821109621237,1
428829740486329,2
428852174109424,1
428897437127271,2
429294124470835,23
429354556254714,7
429402362074149,276
429454203689574,103
429680906712471,1
429862513982471,4
430112344561900,2
430305380149450,34
430393963941107,394
430475180745172,123
430516418847142,7
430583974081431,15
430638196999553,2
430914893037223,7
431089646834259,11
431424736910578,13
431574202318269,5
431692637747246,269
431774000772915,118
431890149090960,18
432049094854963,2
432115912177883,3
432383920347232,64
432452212481222,27
432539529175053,1
432577036049076,1
432599649008012,17
432641548106513,18
432798488856419,1
432922942700957,794
432935759914882,3
433104611527783,2
433122940626383,9
433137029690879,7
433184548168246,1
433223214718735,1
433262059506980,1
433329519796955,4
433370124680473,4
433458891857502,56
433540207570885,5
433555835118700,22
433584299412773,1
433624047213332,2
433651137482113,1
433710197053948,2
433747659834586,2
433772326892726,2
433911525365931,9
434341616684135,3
434530110748032,16
434574579271421,9
434970959110793,55
435020568950418,24
435167318935799,2
435758276876105,44
435827182708683,1
435932149243911,21
435981165379153,29
436003226976033,3
436081466347874,59
436159188986586,8
436185364210083,3
436256710837632,41
436277608157984,1
436424668244352,3
436593262835573,3
436621657757397,1
436639934030126,1
436673697763752,1
436708176413227,1
436744000164865,1
436780302286596,1
436811664122121,1
436851369059886,1
436911472693813,1
436935952854845,17
436949616943657,1
436960349983275,675
436987547228099,1
436989099880510,17
437023405114338,1
437028978997935,3
437062378179043,1
437093010022892,1
437132424055878,1
437134694910802,3
437153757293009,1
437191531916990,6
437200873372187,1
437216994293520,259
437227048945645,6
437330428276122,1
437336692961982,107
437370778008190,7
437510721389540,2
437576001140755,3
438061448690060,4
438481638342190,2
438544422126660,26
438698244096294,4
438921987024189,47
439077962422988,35
439127856491929,8
439186674888649,137
439345816231705,15
439509018406463,1
439589968354565,9
439913014066598,5
439944136848256,6
439959714563878,1
440299315407092,177
440373107787404,2
440578512766380,13
440610036805948,13
440802881761260,2
441028213896364,37
441078054156763,6
441396026640629,2
441572530573155,38
441591509560621,8
441648061119119,45
441824189209118,119
441921260597902,25
442194292074958,2
442348524910993,3
442393489102355,3
442431787530839,21
442434425949653,209
442557460155639,1
442571068599075,15
442793576941581,3
443001117854762,8
443015867927608,1
443162349294228,2
443303431529762,25
443560805086028,2
443805500468853,1
443856285151287,4
444848405320402,25
445012809536778,3
445285652051895,17
445345608302286,3
445494675363365,4
445724230669859,12
445949222451131,2
445985561362713,11
446011763400369,6
446019511562529,11
446122721463454,1
446229588487673,1
446300691015524,1
446373606120545,1
446420691092478,3
446718775854291,46
446763398802832,2
446780530161841,36
446825779739609,5
447469723411329,9
447601933669268,185
447656445248930,18
447696354243504,2
447755866459759,255
447817537738226,1
447885268265742,13
448154711167863,3
448312799792847,66
448371274395649,3
448754259472418,6
449181196864895,4
449191805239419,3
449685191923066,5
450012594437944,4
450252271117591,1
450264112507645,1
450305744238859,1
450436925630094,1
450440667564034,38
450508057800305,34
450516097248555,29
450564227858305,2
450693994644849,111
450721412026082,2
450825292185036,3
450847366318509,2
450886212426408,4
450889097617363,2
450962553949148,6
451023996929183,6
451169901644123,98
451214062115281,10
451254261441638,1
451470893159217,8
451537317234118,8
451630887206707,3
451745317489600,108
451768832856418,3
451954609003245,3
451956162860791,2
451961638128482,3
451996712824707,116
452016763545420,1
452714135404918,110
453455804393928,1
453477996465988,3
453683688713563,28
453694269306786,3
453750933816133,1
454032605390124,6
454339022073859,2
454767333102515,3
454781023719331,3
454805096639998,3
454882750326445,6
454952523746495,6
454958026454020,9
455150485389435,8
455157333266104,23
455185679781695,2
455211847786215,9
455214635450397,1
455222684297661,81
455250264291373,3
455315624114420,1
455771865878339,17
456060729647681,21
456115698759115,15
456178721584968,1
456277488074309,10
456340062079385,5
456356934849525,13
456617828555722,1
456906755238175,3
457023704601137,4
457065527600977,10
457066607087333,32
457079282654273,3
457266543475535,1
457387234752195,19
457690520696764,2
457698264151233,1
457958316844217,23
458051796955161,8
458117850015315,29
458638089746412,22
458985394345740,3
459198648131024,116
459216329181229,5
459245230495753,97
459386796117142,414
459433955932888,1
459535073723357,4
459586566257868,3
459587261199931,62
459615535046533,1
459689188313895,1
459700602476447,4
459805944827639,3
460134399768535,4
460287495806449,9
460345355421141,50
460557042094651,2
461358554170462,2
461429759933437,2
461554010804001,13
461645833580286,446
461936586194303,3
462000412682474,3
462667045236717,3
462747221090319,10
462857643643379,2
462890556082852,1
462985354217500,318
463006988076924,1
463030733301696,1
463103853476519,15
463332969316633,30
463593735363165,13
463681581340946,16
463775889578721,4
463817964926160,1
463894172708696,1
464047365084744,2
464214793962281,44
464223730096928,59
464431154371276,36
464455042419379,14
464500311022134,12
464517053717196,35
464575121005611,2
464682907025585,1
464895882540324,37
465137610135155,5
465276297781863,4
465294314652805,20
465555672380827,2
465557861975376,2
465679661226277,2
465773183425898,2
465805909313011,2
466103924790352,208
466386477182201,4
466803302041380,10
466901798238320,3
467250110120410,12
467493933562443,2
467544816613930,1
467597758877432,1
467623412159381,1
467706719847107,2
467719912561916,3
467956602832543,2
467995050016019,2
468005358508513,28
468032415916705,2
468177095790065,3
468303106281002,30
468365638200518,1
468433567438518,5
468603605566868,63
468886579208723,2
468929536832844,2
468970179593571,21
469062225344456,6
469128608175035,1
469253674542226,2
469362699451206,24
469489031324064,20
469540469679217,7
469686472053271,842
469770129015157,5
469996433024642,2
470320371584166,1
470372754018675,4
470439040242510,4
470637247621981,2
471002828068067,1
471073663944517,2
471426955950907,23
471492835267966,30
471544786814538,2
471731078863244,15
471916428424703,2
472022928319068,4
472125720023090,37
472187034437120,5
472413692018450,1
472628272316303,1
472662850107343,7
472718211740853,7
472768099228214,8
472870009375194,2
472919903177442,1
473034601218580,6
473203232091596,132
473497250065412,2
473617867787137,12
474019019173128,36
474041219297298,3
474059099346854,4
474585252739943,2
474639630036493,2
474687258315504,195
474715628959333,2
474765837475768,2
474841709188697,2
475524699815574,1
475701980949712,5
475963137968675,89
475967620195578,2
476212741524344,31
476759073012111,3
477035265849139,4
477079455113651,4
477087931114951,27
477092912544644,3
477136218115060,508
477182426234558,1
477225792739405,54
477548029463353,3
477579074837351,2
477842254617561,4
477951744265203,29
478021623394339,4
478155857820177,2
478175789359999,46
478357261346405,4
478397292759658,152
478740393320859,16
478979088141945,1
479020001530806,77
479058865475318,2
479115844516813,2
479336357166093,2
480037138158875,1
480104591803703,29
480270816609107,2
480283875635260,5
480295663581045,43
480354091913445,2
480429735376943,2
480522831920726,2
480601164340392,2
480924248987658,32
481049210195233,7
481168429605194,19
481201219271667,7
481260017208042,39
481338024019894,2
481387728707608,3
481450685015786,2
481451559847673,18
481501304081936,2
481572137221140,56
481573533026117,26
481605377725722,19
481697929473796,72
482040408766277,5
482130837056797,9
482597499779993,603
482666902973594,9
482688504353306,1
482704864628637,2
483369810341947,16
483409826387558,17
483412719851692,2
483442367984021,2
483567890043252,4
483732169768244,2
483815214167008,4
483855286026665,13
483860495268030,4
484199125046128,29
484516832826332,1
484934818018387,2
485527214650801,3
485558807013587,3
485592930082887,2
485625558761326,1
485631646963230,2
485672601886879,2
485714198321783,3
485729626862108,3
485766841869517,17
485849444289014,2
485881016659164,2
485903388610772,2
486070623593962,2
486071003511395,2
486092584050230,5
486260664660852,2
486281180800141,1
486530826667439,1
486549578993233,1
486750856625927,17
487044712984858,1
487173711679780,11
487248740667721,3
487310545042867,2
487384349138864,1
487492050220347,1
487559084899076,9
487614798922080,3
488889874633643,4
488931898522343,2
489101970431585,2
489230868510104,2
489343391143044,9
489549150931583,22
489730439610446,14
489789279056839,1
489818588456727,1
490066026565915,5
490210139478221,3
490338307691576,8
490339989080533,8
490415045327786,14
490490020544990,1
490597211345259,4
490667187351432,4
490744061038125,2
490958709028308,2
491152235933080,18
491183216307063,2
491243140845186,15
491250459987003,2
491292500220967,58
491375859679201,1
491557872716481,2
491645154838064,3
491681178901647,74
492009535564796,2
492088997719090,21
492103732661382,2
492122456234131,1
492132679575106,592
492150741235325,22
492151081969125,3
492199233520278,1
492214966222237,371
492815894022007,2
493050603794699,2
493225359803991,4
493334361007798,1
493420063676981,39
493466607631072,3
493763297376553,3
494203470541438,3
494403714535060,3
494491237640438,10
494508247739654,5
494547465050828,10
494548255250459,5
494590414723788,16
494669627133243,1
494727777387728,106
494732997228696,1
494742599556121,5
494744494219088,2
494773764788354,2
494800116073533,1
494816185364106,2
494831880346557,4
494879192694685,4
494896372808945,3
495049091504374,2
495080002470951,5
495151840853648,1
495273266344352,3
495319825258844,3
495385199610597,5
495413160924700,3
495521155094474,3650
495654321353675,2
495709254508206,2
495911289183081,875
496178809802317,1
496498377920749,3
496628816034399,2
496813033418738,42
496848455849265,1
496921064167688,2
496979810245078,1
497086809752247,2
497745460181599,30
498037732548632,2
498194238281282,35
498267940953483,218
498324877562788,475
498624389976793,8
498646817852456,4
498689084594006,27
498732319124092,5
498738622007444,10
498769115402220,9
498785802864735,2
498814978053729,9
498824009719397,6
498824830755661,2
498866252172821,6
498925004327371,1
498969929116760,2
499007618932725,9
499023178012234,2
499042783139982,9
499236019155888,2
499274176006901,5
499363008246152,31
499404232007255,16
499441708852073,1
499474691280858,4
499640559556947,5
499767773275253,2
499964037894495,12
500245457580492,2
500338369210739,4
500367963311281,2
500597334439584,52
500639652333870,18
500695788566927,17
500802050293334,483
500910435274289,2
500959210391794,111
500973800944606,12
501078775500913,2
501357375371597,7
501560700252977,2
501580749612728,1
501652814419093,110
501723061938756,4
501760273101448,3
501792953521192,24
502098707633559,6
502362182631597,3
502398167758652,5
502724468008181,2
502906735425136,3
503059416082352,18
503128062567564,18
503245641828146,3
503364237725654,1
503374931552189,1
503402065182337,4
503483133857970,3
503489016374896,3
503493111762653,1
503514558299728,21
503544670628245,1
503608463644575,1
503634752102401,4
503784159949019,13
503810285207347,3
503851377767097,3
503936423881816,336
503992058481499,37
504013052333868,17
504416686280318,1
504743500100906,125
505006349148644,8
505110345695922,5
505171381437920,5
505384185070852,13
505405706926207,1
505427904677606,5
505433866230213,2
505434934681681,11
505515486159933,5
506374889918978,19
506441850152820,3
506482435591093,3
506567550680939,21
506643625121672,5
506681619585863,3
506782521086609,39
507304785331923,33
507559820172747,1
507613862275763,1
507619704542736,2
507822773205077,32
507906583216971,3
507912236830064,20
507939888691010,232
508026600433408,2
508074975385690,36
508441687604883,2
508506158865468,11
508649690239874,2
509292566877586,25
509476618926340,3
509533594938854,2
509858378029055,3
509893307140176,4
510759685042536,3
511240375775878,7
511391657247992,2
511609917275203,3
511705668047894,36
511840279922854,55
511886792452196,44
511895982968313,12
512044181255151,36
512052015071581,11
512229189718963,4
512281900649675,1
512345191671888,2
512365512296954,2
512684682101432,2
512775739586141,2
512861382632309,1
512950534808288,10
513100740666090,1
513196805576194,13
513380693879020,3
513490483145102,2
513552377305283,9
513557287505412,1
514120043828833,4
514162620769880,20
514269345003794,2
514300567154262,9
514390546757862,3
514502622366778,2
514528690737518,2
515255386755571,4
515301594582642,5
515384978044828,10
515948073847283,1
515988548206455,1
516025497514532,4
516039371065459,2
516210666041802,2
516249916794140,2
516329253424791,14
516360816939104,2
516369087062213,1
516371142085017,24
516464077702814,2
516496456410364,3
516514170642112,3
516678637604371,2
516717209109089,3
516752390047150,5
516758862388481,19
516788166776400,2
516953921974288,2
517044759421081,4
517055572180277,20
517160317052074,3
517242801165471,3
517270676136146,5
517358981737099,4
517387954997755,5
517430591736290,4
517437859124904,1
517546939233369,1
517761438794611,3
517768468497053,4
517882680631699,36
518021540658856,25
518449895966158,3
518452668800146,11
518523326557333,1
518538226107993,1
518631253522621,20
518736357482842,3
518899968472772,5
519350799574188,1
519565867509366,19
519610100299822,18
519837149836301,22
520002560211808,3
520093736614769,3
520155628583973,2
520163814961739,1
520196401982907,1
520232464010007,2
520425941527573,2
520494559239970,49
520801133888422,3
520876118071367,1
520937927064898,13
520973245235902,16
520978330844548,1
520991241686723,13
521033553771276,1
521055027004750,4
521060691024159,1
521069189519538,1
521071151890612,1
521103066538494,4
521184937550217,1
521275683496658,2
521431594188665,2
521478142957450,30
521588594743565,3
521717766298063,2
521756062662434,2
521852638212171,1
521892020336469,2
521929295020502,2
521964862208206,2
522084845374997,2
522255886286468,2
522354811062946,36
522387699906199,1
522404871325504,9
522458975450759,4
522473068371151,1
522514991425725,6
522550569071624,1
522856584893248,6
522895934314361,16
522957150417443,4
522980930849952,1
523031504054123,1
523039479095434,3
523600009649557,8
523741203258347,10
524022460492697,4
524240815487203,13
524272772543383,1
524280209643913,14
524319435533459,3
524560916183031,1
524778230736274,4
524893360214702,2
524899200910115,29
524988202665867,2
525060631194725,7
525073887234777,2
525101004506544,1
525156593695966,2
525235410461733,9
525390748087865,2
525459437040889,28
525575721887572,3
525619727418014,2
525716322643088,1
525768699122570,3
525896778910889,5
526187467531428,4
526447570004401,3
526777300193373,2
527420741594534,3
527443314517352,29
527455707914517,3
527470391021067,2
527551532723830,2
527574590503318,1
527743684627219,3
528399125749688,192
528494824320885,56
528553928156791,28
528620599662493,62
528672198937187,3
528717683416898,2
528834775770172,2
528862036233652,2
529108594212207,13
529292256120450,20
529476455769287,5
529559043948666,1
529775983226548,2
529794883749618,60
529994191755407,3
530257866575126,2
530417341819464,3
530520353360260,5
530733634157602,12
531062443343950,3
531213929700043,2
531249311984308,2
531251833427345,16
531304061831320,3
531594874517580,2
531993493020335,23
532784226865964,5
533234084600805,1
533846015856251,50
533899668257434,16
534249119764196,7
534312126437736,6
534329435328967,60
534391650427579,3
534420976280167,5
534437998351427,1
534496304009476,18
534541280486206,3
534542199369120,13
534574572135557,2
534613994454553,2
534837876491841,28
534906885796839,1539
535077367051868,32
535086074916105,11
535130771287085,2
535317454224116,2
535317608328510,1
535515669862397,4
535535379166477,13
535568016368331,6
535610043794544,3
535640441245595,13
535702901245914,19
535796057008529,2
535832648315603,4
535971279442107,11
536045410310274,2
536271217387035,3
536306469479394,5
536398397391880,30
536594940010247,14
536770000176081,13
536807912708930,1
537050461412044,37
537089116117708,46
537332091328742,2
537381782090981,2
537483912795902,1
537637338093101,21
537790545002774,9
537935154474890,3
538009641144886,14
538085864798620,17
538093238343182,180
538174035891783,8
538197936888522,3
538214099349789,8
538219144445558,6
538233286343292,2
538254877998109,6
538338903406445,4
538378964615588,4
538613300432021,27
538627627495816,2
538726543490763,6
539203300997324,2
539287566205116,26
539323398000643,3
539381893989064,3
539394441358777,2
539420797890395,2
539719150216447,1
540069706903680,255
540101724968489,47
540217195195983,1
540320011843039,1
540420580078227,1
540560166830017,1
540641978990269,2
540648198901876,2
541738267952534,2
541953396104816,1
542163812843382,13
542368446004221,3
542656370691912,1
542749296768593,3
542808969048693,3
542814100277770,8
542847972257212,3
542879774394177,4
542880077341899,3
542924553055355,2
543110861416303,3
543190912540903,1
543271032443223,3
543304041289916,1
543700812446633,1
543836093597060,10
543901145711398,2
543925856822512,3
543960437889547,1
544152766042479,14
544259076745176,1
544542255429453,1
544924560333782,22
544986952669104,11
545026108928810,24
545064396743252,2
545095812436032,2
545202266706647,1
545246103311608,1
545523860655441,3
545548319738357,3
545746337079641,7
545773439952331,129
546308082398787,4
546313994213518,2
546329361782000,13
546384922497557,22
546758240271480,6
546807828533083,2
546965213819522,9
547363030846382,4
547436514340924,23
547504575219567,5
547534823909897,5
547936435897957,7
548308467935977,6
548500402324251,2
548611228462391,2
548850105862243,3
548950418960762,2
548982853655398,2
548995465447844,3
549245648546037,2
549289146318920,2
549346751975963,49
549379056637589,6
549401047824032,60
549523081800279,2
549725917478607,139
549942895748250,87
550210877072815,1
550227899860256,6
550250861121753,31
550355148087818,3
550423830154772,4
550882095964933,28
550900091864078,1
551091400647386,14
551153898629095,1
551184984481993,3
551253040815813,15
551358327794943,3
551481194667353,1
551494681065622,2
551679858524470,1
551855536972167,2
551940062399154,2
552329727443304,4
552407070743091,4
552484178377634,4
552542417032364,2
552573094648047,3
552756153997201,14
552786481826794,2
552905961982277,3
552945843502421,2
553022675566948,1
553133374478905,2
553486467098320,1
553592627968425,2
553638614076492,24
553727091919938,2
553774860237668,1
553781350136454,2
553794221510159,35
553795576551027,79
553798115927256,6
553838547165425,20
553886774731575,1
553917865669506,3
553932666858376,2
553941919509008,10
553979239658691,10
553990577661917,1
554089222041292,1
554573637758736,1
554668953915209,1
554704428416436,14
555154378975091,2
555267311917212,2
555437476702120,9
555635455897531,14
555690072762746,2
555717084433660,13
555776437893980,13
556399863423840,2
556563156784025,14
556907737998089,165
556953615823351,3
557005621334150,2
557019402837678,18
557134525897726,12
557230161911072,7
557244332346006,4
557358373399987,2
557416303724581,2
557442154763563,7
557506961224413,2
557566096151277,1
557682242417879,1
557797748444640,2
557862878765901,1
557897364874463,2
557923210919882,1
557962671239346,1
558107317035628,2
558123820551411,2
558124830696623,7
558142164028552,2
558142173948765,1
558165272613036,2
558178771355362,2
558190022842761,3
558232637836146,2
558237956438240,1
558639289922860,1
559045103584827,4
559054015667901,5
559102746661937,1
559322483703713,25
559367278759990,7
559651403546989,13
559779695837449,2
559987702258298,2
560105007673977,6
560197419411072,2
560235588629537,3
560276125089226,4
560295927082516,2
560305110125508,2
560355229896007,2
560492692001564,2
561048054973473,1
561082518688233,5
561113715252383,5
561133016253718,1
561169413266184,47
561190917393157,20
561235748906143,6
561251726808404,18
561389443915326,6
561412726951461,1
561526562727220,3
561582896269272,7
561853129567883,3
561911643255732,11
561915438992918,39
561946844273767,3
562068615452103,9
562263463452270,1
562725775907532,14
562777620288498,4
563070852585234,5
563094706574743,21
563172252267781,2
563466554336567,1
563518133283747,7
563771665369207,2
563816861213901,6
563971776328862,1
564096959423404,5
564120585526617,1
564182908134177,7
564446502526355,3
564511103743488,5
564601096486063,1
564669255319478,2
564846297538893,4
565059952635230,15
565168350598072,10
565529237877626,2
565554669137300,37
565568120542503,23
565629095419054,5
565642130451738,21
565859544455318,325
566105477301689,5
566166815528301,5
566179503095991,3
566291767301468,3
566399812413346,9
566496828558083,17
566712126775844,10
566741771207427,2
566836154373713,1
567039057609411,1
567082805067799,4
567112972137157,5
567141486659798,4
567266688089001,2
567292695743816,28
567386900608133,4
567424792534372,2
567478940236449,25
567543113705600,5
567611972393069,17
567671270203544,4
567673719583249,17
567728667412845,16
567887216190059,2
568004714155114,2
568038842542919,14
568083778715869,3
568351684407322,7
568673513174127,2
568688307713354,3
568728150689899,54
568748908941200,3
568878494206827,2
568973249032258,2
569002031705742,3
569023799421384,2
569080940696808,19
569221984005087,2
569798688349337,2
569876302756408,1
569918118578224,1
569944344546694,19
569962402623394,1
570351565414740,2
570687767673319,2
570741575287832,2
570770386826497,2
570835966537462,9
571045667006471,2
571096505116300,2
571362518822444,2
571439862431749,4
571493947260135,2
571672400598808,1
571694467834144,2
571697929849389,13
571734304908956,21
571764523866579,12
571770842825515,16
571815763860897,2
571830123473993,6
571887061261241,1
571894491037663,20
571951373264161,40
571995090679816,5
572001152461120,2
572011718998336,2
572062277147189,2
572266287315536,2
572413995807075,1
572480074413597,2
572504418354166,10
573027700880746,3
573029470809028,2
573155542367245,2
573169023955118,7
573281843671290,2
573327546605574,2
573372003685348,2
573392553444578,2
573454793066831,1
573463135522106,2
573534472446638,2
573582527567197,1
573603441459773,2
573820542115312,3
573891074787159,1
574014838242745,11
574103056635586,1
574174989718032,5
574192094485873,3
574307060027626,3
574423541939701,5
574456995195279,2
574458586412039,5
574671330145730,2
574988542136470,2
575023583810706,10
575191148063788,1
575213382171157,2
575273455072733,9
575331946711740,1
575571510302801,2
575749744016908,17
575753430541286,1
575827712957743,4
575864963481207,2
575870284417343,18
575876301593845,2
575884534265956,12
575889089044253,3
575901576320448,2
576047545040937,2
576054295718469,2
576147114912487,31
576155886296216,2
576368010048850,114
576397576707152,2
576844205539461,2
577190373062223,17
577260324275327,1
577308831254194,2
577363064185603,4
577402326451677,4
577637108124425,2
577734054098056,3
577738143472122,24
577740931867848,1
577773169625943,2
577849294224940,1
577888735111585,1
578496630265354,3
578500107119217,1
578658618521826,2
578667526455067,1
578716257871937,2
578739323848253,2
578775104660590,2
578778949162114,14
578788323982717,2
578895424628680,6
578968006559935,2
579033984949815,25
579121084898156,4
579172427854374,2
579211521045372,2
579477597639258,2
579770373248951,1
579804690618313,1
579881007039340,3
580067824354616,6
580098033529105,39
580135902719162,5
580162013639414,10
580180382077709,18
580197279022205,16
580205846301708,3
580310232271851,2
580358427262861,2
580388085699286,20
580466316341922,2
580478649759156,6
580498353584915,2
580562659659411,2
580657085059585,2
580707764477844,4
580777348013320,2
580874420056701,3
580888364344845,2
581178972962682,1
581343232066962,1
581395178965910,1
581442356577702,1
581664167356307,2
582007766759391,2
582050175919366,2
582168683507152,7
582307536577925,1
582423683391005,2
582459986895147,2
582572882873115,3
582791647118458,8
582817461597706,16
582851719023934,10
582860511602382,2
582902225155489,19
582915759122524,5
583052297089188,1
583065711692191,5
583137119531984,5
583151982316502,2
583449527785867,26
583825607066394,2
583882034821696,2
583926181696382,4
583961683589157,2
583997328518676,2
584033487967249,1
584038655327063,2
584063078746912,1
584120241416241,1
584551787520115,3
584579467449412,1
584583210295753,2
584628305559590,4
584646469377896,2
584648295544200,23
584648651761711,3
584673029995023,4
584750065037790,1
584777352457445,2
584793224767545,2
584830868078302,1
584831086593712,29
584832177937856,3
584868486201483,1
584955234270824,3
584972219065042,4
585007109179978,2
585069288555641,1
585086826798080,15
585152654404836,2
585225713750927,2
585249487220206,2
585263708977077,1315
585336525632936,4
585366288160191,1
585412594524894,1
585766202261387,2
585996898263212,4
586024387816861,2
586066972969815,4
586394627418229,1
586561303788206,1
586731525473614,4
586895009902234,8
587281188468113,3
587343475988143,3
587357539179377,10
587489176423321,3
587758470958823,14
587836295351735,3
587966107191406,2
588288832631085,1
588344533028526,8
588509343153572,2
588675677583517,2
588718199035549,2
588807296456798,8
588855944440996,2
588889582384286,3
589045842662273,2
589050738875293,2
589089557233194,3
589091998862041,1
589093076163686,2
589115731667101,1
589136488348127,2
589150036214562,6
589182251867863,1
589192069015272,7
589204452666099,2
589234288686220,2
589258197122001,976
589260072535946,1
589281329017824,1
589307730018520,1
589330562234162,2
589342867406883,10
589401757153387,5
589601557923240,4
589818599601945,2
590017493740474,2
590050687530779,3
590161271901091,16
590254295205886,2
590366287429133,1
590952890400326,1
591538736971084,3
591805720922648,1
591910439436017,3
592687981846745,2
592760806071145,2
592782571271201,2
592881243129941,1
593169853160324,22
593202419886047,7
593234684631921,2
593237498684747,5
593238992995472,4
593255567924780,7
593256555710947,2
593271383834424,5
593278029323097,2
593308136706330,1
593309986697562,30
593329349620412,2
593345251722524,13
593345369370708,4
593349372156546,1
593354544559909,19
593359680966336,5
593366702169041,3
593370694338445,1
593459833427803,2
593490081233436,1
593508785774165,1
593512971775057,1
593539677097097,106
593571226562252,3
593593546324089,2
593605822523525,3
593798275009774,4
593848637600593,10
594007421605970,1
594076385545038,1
594088958448540,2
594148160216943,17
594153626621001,13
594161203161222,1
594258614765863,2
594313271767958,2
594355439490996,2
594358898868972,5
594383682643885,3
594699528745794,11
594699886355555,2
594706210296397,2
594773571225314,6
595080490409494,1
595181804397328,2
595997084388548,10
596906559012482,5
597094881620245,1
597133612979019,3
597203014107053,1
597252450318005,2
597310657222064,2
597323696520466,2
597411836970713,3
597429952271651,3
597444748093782,3
597449261546831,5
597451853416026,3
597478021891078,2
597533001470052,2
597704011417186,16
597729012996316,20
597760769796146,1
597933950914522,32
597964181959138,9
597983319394682,5
598055598137705,1
598130824651071,20
598260096250120,1
598324760601666,41
598378370981605,7
598406168467057,16
598432165706367,15
598538248732811,2
598549459690498,2
598589976897666,2
598626467659081,16
598751961586380,1
598821737850465,21
598965712035539,1
599020085385220,1
599023337070128,5
599117354737434,1
599224290033504,2
599311367564693,1
599546901696940,2
599626272417886,16
599691448174786,2
599722102357105,1
599781673918989,2
599856486410553,1
599926703507583,2
599955473518731,1
601280335698548,2
601291726518917,3
601338637255777,2
601565270927507,2
601733495161421,1
601801674666543,2
602168058977388,1
602183254655903,18
602187008959473,23
602207315525521,2
602224518193775,25
602287293472384,11
602291445358754,6
602318693657631,2
602324282617581,8
602376613670703,3
602396720006334,11
602397638871894,8
602413869665564,18
602423468079051,2
602499406903646,1
602636769641813,2
603012403215829,45
603083550808152,1
603337551029389,16
603533622964179,1
603604454526320,2
603631725849057,2
603676403764215,15
603829854532795,15
603848546882508,1
603893391132492,9
603903552929894,3
603909758217641,1
603945773130232,2
604140649635370,1
604224948877913,1
604362277261290,2
604861446882365,2
605042682166110,18
605062622085150,3
605280442402746,1
605504237564031,2
605536963846388,2
605591927714199,2
605874454925416,5
605921659838687,5
605947732849282,4
606368174455255,10
606453610266218,2
606492715291002,2
606499978804056,2
606534363528154,1
606560465846556,2
606575154593266,10
606622124918330,14
606641207016822,1
606721888566280,1
606745594202787,3
606786130988298,3
606815437767187,1
606984748248618,2
607025372260551,1
607119051987201,2
607175239236487,4
607311783909433,6
607448020032502,17
607484150748208,2
607636335349044,2
608127740911655,2
608180774192513,2
608445125697228,2
608760487620776,1
608940522445595,3
609117387475458,1
609460979744943,2
609806987634455,2
609848944607396,2
610097499199379,2
610265486923991,1
610465297142379,12
610498610204204,3
610557960848004,3
610568702296741,1
610648596946741,15
610656037452353,13
610697251616842,2
610841566466477,16
610858334863334,2
610899231138918,1
610904076591583,1
610918563263799,2
610921687989142,2
610923166632380,1
611058070855160,7
611100722597941,19
611109072614925,5
611111621387466,2
611408828244085,2
611504943938352,15
611682726675757,17
611717218982535,14
611791359084216,2
612220703115674,1
612550912432311,15
612614459621913,3
612835682729708,1
612849533714789,2
612863633653294,2
613015868333854,2
613672597979822,3
613842436508725,2
613906869715203,2
613978701343397,32
614068552910419,2
614090522745876,30
614145058236085,1
614213326266862,2
614405805435212,3
614534520471733,4
614601794950201,2
614663633138130,1
614668177176224,9
614759395273291,2
614777401133920,2
615121900340222,10
615289371466926,10
615323186244905,1
615383848011802,3
615459900184946,2
615469937747421,9
615483582696002,2
615494978588721,4
615617056298087,2
615647061860686,13
615655641054587,6
615661918920450,2
615707975416296,2
615754324009094,469
615790692085677,2
615891065845608,15
615947522226729,1
616127328063034,1
616174537315116,1
616209803569536,1
616384172467106,1
616571555105744,1
616890161230809,1
617001064831292,19
617889528579686,2
618021921645130,2
618113006498784,2
618145213156439,2
618330288082223,2
618506066737570,2
618546584638969,2
618631537588245,4
618845205836725,2
618876985921888,2
619055382052429,2
619070036203320,3
619099296224467,3
619120935109905,5
619125804347745,3
619136624029805,2
619152888788520,19
619222841223784,18
619264529125992,57
619293115169061,19
619406388922439,2
619446945715834,1
619574696098203,3
619658334417706,21
619704438630650,2
619716456249383,1
619720318925128,6
619760167227691,424
619810225095027,16
619812368337702,11
619833991967775,18
620023311971917,2
620031165672475,3
620043137882214,68
620099761412073,14
620326752300217,3
620394543397082,2
620400534899557,3
620422066393969,4
620452262457870,2
620470590871630,2
620603766021541,2
620655770565984,2
620717921661506,2
620787066543653,1
621098372975937,1
621215974989773,22
621403156616775,6
621537083710932,10
621940760852460,2
621997893266860,1
622553089908923,1
622580523160592,2
622690039584281,5
622747604504972,1
622769581945414,2
622778757739885,1
622804374189644,2
622898685915544,2
622929455559447,2
622978158637560,3
623035091278006,3
623309199093111,1
623310247821109,5
623343145436279,1
623377893253308,10
623451182049206,4
623474978774223,4
623499535304847,1
623531660741373,4
623967771252009,26
624070509251039,2
624105500367264,16
624108488009649,15
624209542895478,2
624217836849496,2
624233086497365,2
624260613697401,23
624344195142605,2
624345162429808,17
624432419590544,1
624440726859839,2
624465592375615,19
624817437080525,15
625117220038500,2
625258911436746,5
625318942465307,6
625501836002856,11
625584776426533,2
625677670387565,1
625697379548890,2
625773629125685,2
625825356063658,2
625939161199020,9
626075035763384,6
626230365007035,29
626330987655940,1
626493023930369,2
626707393418671,26
626758849050115,2
627290695332881,1
627293971906910,5
627738280888562,22
627830443236213,12
627988192970887,2
628092158381327,22
628131876808735,1
628158429726078,2
628178374842679,11
628183591558030,1
628344780145619,2
628359784038806,2
628389723157867,12
628416493725503,11
628546457233625,3
628654925794609,16
628662196034088,3
628676842831045,227
628678482282320,2
628756499432017,26
628787436593099,1
628876262811088,6
628911034966105,1
629104081354677,3
629401170297704,1
629487826337361,6
629564598903940,2
629663297196810,2
629705681014476,1
629718197275413,2
629779166303133,2
629819817051859,2
629921369993390,2
630098944042757,1
630547330221761,4
630902128601170,1
631141841430543,1
631592232558698,4
631654307335700,28
631703135455469,3
631709149572040,28
631817648279383,42
631870945771188,2
632179555888258,4
632421853394156,19
632510978979964,6
632524226724245,19
632541034961728,1
632550911660998,2
632607036845971,24
632614778739438,3
632687022520506,6
632751009168047,11
632866900327024,1
632938875532193,42
632954182449099,4
632960453659379,1
633053979085279,2
633057986134331,3
633078831405271,2
633167015106871,3
633207687789162,3
633245596359821,22
633295387748627,2
633326438543085,3
633374374030456,1
633431089897871,10
633532394589365,19
633572427338293,2
633620915741614,6
634022679736653,18
634101266179283,13
634103493649174,13
634555048670559,2
634818636272641,1
634957443898739,19
635022396741130,1
635023592393272,2
635086781650215,1
635471381367044,62
635516302005867,62
635647525473772,2
635649467556374,1
635668582144270,2
635693572123055,1
635829761836031,2
636084014525738,1
636098730516465,2
636654574868165,1
636664397222477,129
636713138619740,1
636738192007651,130
636891165268498,2
636941151912239,73
637095100251017,2
637199749869575,3
637364871586914,2
637399531145987,2
637465680578241,1
637480798696429,1
637589136114192,1
637695413074534,5
637717762212967,3
637778312713309,2
637850994733271,2
637893555974119,2
637989886804792,1
638057828478107,2
638458640711287,2
638749727392217,2
638767886620731,2
638779929252856,1
638788426733976,1
639208767448543,10
639265946395445,1
639265971421521,1
639282634797676,2
639363818656557,2
639843941742569,2
639905978931755,2
640247728423881,2
640342266965502,1
640348047510241,104
640475206791096,25
640794484486699,22
640954051838890,2
641005113982365,2
641417624791167,2
641436871279244,1
641484020098729,2
641492517727439,2
641602447439347,9
641651678845827,5
641712677384261,1
641773097762359,1
641779264354357,2
641826474650700,9
641834701157179,24
641861565311757,3
641889374591711,1
641934935240374,14
641978025792838,8
642013516628989,22
642038302535432,3
642075586239785,2
642076909751820,1
642081815299368,3
642174539235974,1
642237721658758,8
642298040664591,1
642441551489137,11
642633338185020,2
642758923519013,2
642884182551330,2
643099071983524,2
643128542379174,2
643561513411911,8
643632407917403,4
643643100096749,2
643654602399938,2
643675848594862,2
643690505847731,2
643697505812495,2
643763285587582,2
643859882257256,2
643865030602564,2
644639065781332,2
644728041595645,2
644742760674951,2
644786272759426,2
644793985838932,2
645145393428068,6
645285327000529,2
645358285622193,1
645520257213994,7
645573007155872,2
645668078094587,7
645856890423946,1
645985358357197,2
646064948404598,1
646120037272251,2
646184744354520,1
646191354911495,3
646258363751678,1
646281161903338,1
646288909947205,2
646336924707524,1
646360972572814,8
646379094739622,2
646483574462143,4
646512250159943,1
646596549961552,1
646598495258106,4
646680706851398,3
646722464007655,1
647280068315709,2
647299238244789,17
647509185335309,2
647600375205157,1
647618508979519,23
647749852278562,1
647984789490767,3
648160964940389,2
648201558761304,1
648217884984810,1
648248955335128,2
648315475471314,2
648327466151173,1
648367304755622,1
648415641025720,5
648988577644629,1
649034482351508,8
649108942693893,2
649343839805354,1
649552806270154,2
649618659225037,1
649998126153253,2
650242857377815,1
650415362373818,1
650496249738021,1
650569789131133,2
650616945689356,2
650647881716598,2
650651051641772,2
650669805387579,1
650716126365649,1
650746141223078,12
650804275051944,2
650874276744480,1
650879403798948,17
650912912922507,1
650919186483609,5
650954589523904,7
650958537909454,13
651166675766532,1
651174297183741,1
651327467305328,1
651384649387800,1
651387481723982,2
651410119986656,1
651427152396929,1
651514729322795,1
651541656617334,1
652100099188935,16
652247308884711,9
652668586647447,11
652747222143029,1
652794339956998,1
653064561353489,3
653125299886743,19
653126487410068,15
653467985543726,2
653593922845015,2
653685572412899,6
653724851904506,6
653906885229369,4
653938103675944,2
654083263471632,3
654211276807560,12
654249149518787,2
654314510434897,2
654402987977326,11
654458735627311,2
654494844729740,1
654580773095016,2
654595191055582,2
654648879384006,6
654653481997468,66
654750589382520,2
654765881437140,3
654857290190573,4
654862761764178,6
654922173758092,1
654991157327945,1
654997998722221,1
655002016647432,35
655023813051112,9
655023913620908,8
655038411870532,2
655071371042623,2
655099409563033,15
655132360451370,2
655168466949895,4
655198284381520,4
655286298752058,1
655393091453400,2
655434371775843,1
655436982474437,2
655471977123977,2
655473438770778,3
655638863130220,10
655690082561291,1
655717547112114,3
655848920556283,1
655941913146955,1
656073598019814,7
656315125247542,1
656434404863671,1
656484164395166,5
656561061271280,1
656676640002204,2
656753065715078,2
657135610104773,2
657154913352678,2
657197059209594,2
657246735260755,1
657307991618183,1
657460283977643,1
657463336102726,1
657529642604946,2
657536390730517,2
657601038398532,1
658083188979169,1
658093907365421,2
658468705789069,102
658653427978832,4
658705558123383,4
658743924777728,2
658917102907686,25
658988080943814,25
658993030197195,2
659234354880064,8
659309743973108,4
659317728389345,2
659362188894742,6
659437828796429,3
659469330489335,2
659522041245823,2
659536791091071,1
659575698336317,1
659596471815972,7
659614475368473,1
659751193102719,1
659858073937302,2
659894665221836,1
660291244675346,1
660327168234699,2
660333528877837,2
660541660170702,2
660554693314995,2
660736194033119,2
660762195066078,22
660834380831072,26
660945892142754,2
661125650627304,2
661324186502635,2
661368615885231,1
661464403679471,2
661482699569228,1
661499616598818,1
661572380383004,1
661755920084579,3
662006236352454,3
662115731574186,2
662306729538280,5
662331887117521,5
662336105795673,2
662378066422607,2
662450767286334,3
663220026006258,14
663230257113855,20
663284274678261,15
663285246879479,4
663288041890342,28
663373341876433,23
663403504349089,2
663482010569588,18
663549009994380,2
663681013067794,2
663748478814453,7
663774221257280,2
663778691065812,1
663814451722344,1
663855889886373,6
663856086455828,16
663862736623592,1
663932197942039,6
663984107907036,6
664000245378232,1
664013061425934,2
664017995285591,1
664055290320966,19
664066636628345,2
664067319622867,369
664097918712376,1
664159701109801,2
664164392566505,2
664210330875927,21
664250580510125,3
664309623901107,2
664333636864458,1
664353169611059,2
664363151628847,2
664380417839115,1
664384169972993,2
664446201662238,2
664474141854249,1
664503518608652,2
664656802491113,3
664785692910383,1
665523434262262,5
665527011371661,14
665545866515221,1
665771090317144,1
666768762079643,5
666784930598111,2
666803315055762,5
666820572769874,2
666851563628109,6
667035577204815,4
667075153521546,2
667104769247973,2
667367562301648,2
667438993017773,14
667499261998471,2
667559187637853,1
667562505016985,2
667883491285890,6
667918748812388,6
668095152070083,19
668230767864617,2
668350894455651,4
668381031994692,2
668387381283055,27
668422147859860,3
668453113725903,3
668487948639084,1
668542200479580,4
668542658268641,13
668558289152646,14
668635255032664,3
668715925381598,10
668721098883689,14
668787170962226,2
669078058877247,19
669160465785988,10
669261224084118,3
669458962287234,15
669473260139012,1
669477000912081,31
669488531676033,1
669553889019180,1
669712696179480,2
669721068388957,2
669819062677575,2
670005890218469,2
670288190657693,2
670310893243727,4
670335873454577,2
670366617960086,2
670387609990957,2
670406018171544,2
670518738229235,2
670893550658622,1
670945904695187,4
670985941663331,4
671170641780811,2
671210573974077,3
671485488471029,229
671631598794359,9
671825196868530,8
671838346979670,1
671879554233687,2
671907727410506,1
671980058396339,2
672071531971144,2
672123941636427,3
672132176426600,2
672139132422562,2
672178341840627,2
672217455209680,3
672222672786370,2
672363864726307,19
672408240194106,2
672549315890733,11
672561208777076,5
672624265659799,1
672760444524790,1
672888966483548,2
672913835672806,2
672990395216567,2
673049162342607,1
673049402190744,2
673072180482022,2
673157918421441,20
673189978306774,14
673296785478820,16
673394362507337,1
673399567771967,3
673431167342410,1
673502052008830,1
673675474602320,4
673759213996113,1
673772348272758,1
673861020082133,1
673950438603777,2
674006988884906,24
674080391901766,2
674113158330368,2
674181480700204,4
674255090118638,12
674283885718198,2
674316068961276,1
674484615729592,6
674545880414849,8
674579439849099,2
674613783543127,8
674633306494538,2
674824168340415,10
675455143161285,1
675499624941375,2
675501363571783,1
675599106460917,7
675607626161300,3
675638371167444,3
676021571372846,11
676266507688213,1
676298235344166,2
676334977855805,2
676384089465175,1
676450624064001,9
676663476300166,4
676739659767291,2
676771673783095,1
676915087877504,2
676966157107640,2
676982796686550,10
676997351752595,3
677018100671620,3
677023536164865,28
677040017234400,10
677113089661616,4
677163968076358,2
677200734505645,3
677206487570227,2
677216546310170,1
677390626157196,3
677487170438691,1
677611695848939,4
677651803048239,2
678071545159697,2
678072199558542,21
678089532954642,2
678165803139501,2
678232723882279,2
678336480697412,5
678498827324765,2
678584497578372,458
678749216370992,4
678920334614773,2
679095057808998,17
679095838615447,2
679192400367141,3
679448888816734,2
679788337248145,3
679829943706071,2
679865033025588,4
679900207402112,2
680003890910409,2
680079645912625,2
680228066230866,2
680450964106958,2
680584788448755,1
680811867219805,2
680875590593955,1
681292851797232,1
681315566049949,2
681391083716430,11
681419065445922,2
681503658145613,3
681555369146779,3
681587102412414,2
681593589813681,1
681629987371402,12
681635192209524,2
681677304451123,2
681708297323214,16
682218204425022,1
682257358235888,1
682423190505218,2
682513776309716,1
682637108219582,1
682879185040913,1
683292281212731,4
683381518432735,2
683723131206855,2
684043645827009,2
684177497508775,2
684227820356153,22
684972189116841,2
685205641293581,2
685508486349190,2
685543837399693,1
685569031104077,3
685584728197529,26
685688667421169,1
685737313048567,14
685738201703401,4
685815830864707,12
685842264774521,15
685880049603941,2
685921038392700,2
686081838336879,1
686232429845728,2
686233640977916,4
686399848823663,1
686459789899889,4
686473199345953,1
686499170759231,4
686541460281045,1
686654042271675,2
686663247069134,5
686692492744442,2
686894819670236,2
687001999148742,1
687134894474438,1
687351896237084,1
687472450902512,2
687712176672659,2
687809269967067,7
688285253815237,2
688379107395284,2
688600228620891,1
688619616835026,3
689078677465910,7
689385287895292,2
689493415784173,12
689779378448676,6
689845949277299,2
689897055720472,1
689999434057752,6
690006722308563,1
690096111916606,14
690103087410588,4
690132684126483,2
690222077066946,2
690231013114752,19
690248406134895,1
690345256290228,2
690368886552028,4
690377984305477,9
690418434613108,25
690469106751162,2
690574544090003,2
690599970161103,2
690693576830191,4
690706988197890,3
690732477176756,5
690871885537015,4
690989888595369,3
691040524943299,1
691124521486952,1
691150341152076,1
691168220268478,1
691189579121746,1
691214818099167,1
691237825517924,1
691251375424681,13
691258594097306,1
691342812708051,1
691365919984345,1
691382599962216,2
691389286633044,1
691444655315752,1
691472098061690,1
691590920611485,2
691694006939347,16
691775284268270,1
692121419187321,3
692145681234883,11
692194808780315,2
692250662402222,2
692614530163886,1
692718149227798,2
692770013865728,2
692855313722363,1
693092265831857,3
693850074908536,6
694070461425438,2
694369240240507,28
694406527596015,2
694415800771203,5
694519769669220,2
694577046970031,1
694582483946357,9
694694703956152,4
694710632500917,2
694716387549718,2
694738046698950,2
694838629116457,5
694844516461607,2
694970643080072,1
695185105462575,7
695198572611479,1
695270512975708,2
695315522390723,18
695404194394870,2
695535220866144,2
695713926269525,4
695792908140761,2
695845125970258,9
695849939636265,2
696113299182146,2
696130822084629,16
696181766772125,2
696420925674002,1
696482467359717,21
696524056813603,1
696547642843331,1
696640618966177,8
696746541959651,2
696799915794035,2
696812611584561,2
696845683829805,2
697049374484418,5
697130724750506,1
697174485277930,1
697407574860170,2
697414758052253,8
697469154250355,2
697747868519534,6
697839096484769,1
697900510336979,30
698115540497033,1
698154871148685,1
698366776706875,2
698829396113408,2
698932365722447,4
698979832463944,2
699042348546873,5
699049736862726,1
699065333154900,1
699108863928660,2
699119392967418,1
699121077595480,1
699132262589440,2
699137820837492,2
699197151500747,10
699250593218066,2
699445944073661,2
699527102694612,2
699664573286300,2
699904722640847,1
700560183415289,15
700596581342698,2
700634092550672,2
700944913377924,4
700957570023542,1
700972046476768,36
700979849431695,2
701301713464012,2
701341576683154,2
701524894552633,1
701561273509390,4
701647862548192,23
701813131070495,23
701842544635625,1
701896523085651,23
702005276729225,6
702022219610506,2
702081879298769,2
702139167045392,1
702359026164070,2
702750308495248,1
702802196143313,2
702854420645562,1
702981982096854,9
703205558781114,13
703330351130065,2
703363018463743,2
703424650744346,2
703514982454512,3
703519600959520,45
703840842625220,3
703904587540463,2
703962733778769,2
704214821327015,3
704316772137110,1
704366092126862,2
704487414293916,1
704932023262512,2
704958700696506,3
705292413062220,2
705308709399431,2
705340545822630,3
705343601421571,2
705498828475893,2
705652927065147,2
705751593530014,2
705985755458994,1
706065263609632,1
706290558360091,2
706339600678199,2
706434164810931,4
706451961102807,2
706511028006447,457
706727666245608,1
706992311368040,4
707007969147274,2
707028187251912,11
707526017897103,2
707724200862603,4
707763754875182,7
707809839372558,3
707829115318348,13
707838353582812,1
707847311815271,2
707848217246116,1
707917710133530,5
707946510560236,2
707960459078430,2
708012277026868,3
708216187594982,2
708825057503333,2
709037318054427,2
709309851118039,1
709409169904601,1
709630388350852,2
709796798089133,1
709800523298591,1
710323733646264,2
710464222662422,4
710494200786912,2
710596781051512,2
710650023233322,3
711050962451756,2
711091286915821,2
711478517019720,3
711522349686569,3
711569342223295,1
711747106794697,2
711837700701288,1
711994096364693,15
712086080526945,9
712125106778447,2
712142871545312,5
712163084710710,2
712164292445451,3
712178036886826,4
712290971936642,11
712382760278052,2
712412856146754,5
712489689856077,6
712497469279945,2
712527278544114,1
712599887454344,2
712655938703947,2
712668187590575,3
712767636856000,13
712954710843017,1
713126648870229,1
713273560147362,20
713364415013731,1
713415410706265,1
713450393108514,4
713460243001399,17
713566676882015,3
713824314724723,1
714021368715939,2
714085567823315,2
714090976542555,4
714122221408951,2
714188235336820,3
714430249796085,1
714839140003099,1
714948018041971,2
715472442008709,2
715537761614494,2
715731569237324,4
715904880077748,7
715932404490176,7
716099488419996,1
716184922794880,2
716336174982029,21
716403472589250,30
716509810829915,1
716607746784972,3
716631713061620,5
716661551225610,2
716682821978811,6
716725371125235,2
716771221446069,2
716872287400833,2
716926146024820,2
716952509249296,1
716983222347542,2
717017666206363,1
717059320871863,9
717132914203408,2
717235439598234,6
717538260292134,2
717589655619580,3
717607267896431,2
717713881334260,2
718097578433040,5
718313453990453,4
718330396708976,3
718420225981324,4
718508960076177,1
718515322667196,1
718559922506201,2
718614274873570,2
718637907069309,2
719044125285222,2
719348878191475,3
719523672125858,2
719571385469217,1
719735389210445,7
719775428846661,2
719871221948930,2
719964918516044,2
720019065254376,2
720126806655654,2
720193843306915,2
720570246851101,2
720609607366882,1
720643115889793,10
720653342566120,3
720664042038410,1
720878994992598,3
720993414270422,9
721002993988445,2
721030949272398,2
721062271031130,27
721062551229893,2
721092735472700,29
721094874442070,6
721100594545885,3
721125982499236,2
721336880037547,12
721378649311623,9
721902074853133,1
722103735055205,1
722114226864120,29
722207031965271,1
722295177986691,16
722698600836930,2
722712322418129,22
722882335762578,4
722990759984011,1
723116279820483,2
723446379237295,6
723543727200433,1
724033134641918,1
724243573192047,2
724257517470532,2
724307043637368,2
724722464901664,4
724845939084846,5
724883158276501,63
724910669722159,5
725015963878972,3
725190014787689,2
725239541058377,2
725303464549039,2
725313195026155,5
725331397460686,1
725364445932122,2
725484136719745,5
725502952410899,1
725516943168842,2
725520330533301,2
725533070102502,1
725564676315562,4
725790418823362,25
725986396509598,3
726246499703037,1
726274756233706,12
726298069208168,2
726344749307122,2
726442172840012,1
726499189190175,2
726610973290795,22
726637685315210,2
726709723855549,3
726745227358333,2
726937729531788,2
726977625130171,2
727443017238354,2
727482438197091,2
727541230689663,4
727840859263816,2
727848901866500,1
728134919962811,1
728236458544935,2
728276910965218,2
728388130315816,3
728446286759665,3
728509197634268,4
728554675394442,8
729017356053293,1
729132113103839,2
729241077192944,3
729246065891272,2
729289581297531,2
729324422931558,2
729512031931076,6
729535515181383,19
729665889460116,16
729848730476939,2
729913291175563,1
729941683198863,2
730002167373370,2
730088051348649,5
730210589341237,2
730228750362324,4
730299224770009,5
730317699151515,2
730355309467577,3
730415161993856,2
730418889111748,4
730430764071771,2
730475713327717,4
730498249442335,4
730504788228634,20
730523765807966,5
730594751743874,1
730704140936999,5
730757994704930,3
730786388886993,2
730880275755301,3
730888384527581,2
730964883710020,3
731017996470915,3
731366912260207,14
731372576377243,3
731390754450800,1
731436463657242,3
731601474699507,2
731655418866607,1
731817357636980,2
732115884639941,22
732140605455942,2
732210194428400,2
732399223136810,1
732480935935349,2
732523055621058,2
732711804696529,2
732732433463800,2
733034799843496,2
733074632298770,2
733256465859720,6
733491136084770,4
733543100832738,1
733644791185535,2
733714803226201,2
733722502727293,2
733773240354044,2
734093180723188,2
734230719768945,1
734236829210435,2
734243385093236,2
734264164202824,1
734318663259104,1
734323774961912,2
734351390549586,3
734398392527134,2
734452757482674,12
734554948171660,2
734557285981089,13
734581917501387,3
734647478019086,2
734686611340938,4
734728674595973,2
734777036931791,1
734785002250155,2
734803975201550,2
734852772478468,2
734888679266251,12
735024313461191,2
735066082902913,2
735070143032520,48
735104132251242,2
735161563846482,3
735202317634272,2
735251106926346,1
735822324464047,3
735937422402117,1
735970265968832,2
736119083469369,3
736156897825628,1
736184878060227,2
736216055686131,3
736474715570401,2
737085474280520,5
737135873223183,2
737146996793752,2
737196644287938,2
737334185543380,2
737448683205226,2
737880578727316,1
737925370371323,2
737959393166765,2
737970550386553,1
738113197227664,2
738253877613763,2
738564318203462,6
738588355366173,3
738657517875167,17
738662242322688,3
738686503739304,3
738687586076743,2
738693925863747,1
738753716563468,1
738795489710045,1
738962348837755,1
739127319314054,1
739144709936025,2
739501892351624,4
739567368590525,1
739896566393752,1
739920056706253,1
740286680916343,2
740478648822079,3
740538992149340,68
740638709550868,2
740680784787548,62
740697552173475,18
740829350799468,26
740840680848890,1
740891993717752,21
740972119605818,2
741164171076105,2
741259872252187,2
741400954898636,1
741404669662111,15
741569914058531,2
741767378901835,1
741901822969095,2
741919774848956,1
741979862603614,2
742203036435272,2
742217271879345,2
742278037870602,2
742349834699743,9
742354529447814,2
742380417295830,1
742383609756157,2
742430383418452,3
742519666392420,1
742553649742737,2
742571893573895,6
742655324542731,2
742668518362868,19
742697468207971,2
742719673272998,2
742727915932110,19
742813826061866,26
742838590738770,11
742874606608048,1
742979181349346,3
742985151535565,2
743003403229256,2
743029322271804,3
743042418205963,14
743116913980395,1
743133174044019,2
743192739832876,1
743292936120580,2
743306401185163,10
743345481587238,2
743425143952001,1
743452551043717,1
743548160167549,1
743669074620445,13
743684038515866,4
743829867273830,2
743912037857115,1
744010352601820,1
744038199571084,2
744073580496241,2
744205631348246,2
744269015662161,2
744317853292534,2
744424844822142,2
744573756003630,2
744651008282733,1
744659934636979,1
744921795850470,2
744928812745719,4
745094833126271,1
745179864010786,1
745295014732575,1
745676535576298,4
745741425641560,2
745971849102572,8
746039871431138,5
746108998974539,2
746109811322780,2
746236316390016,8
746236859806982,2
746461048048439,2
746537056757426,1
746828787466832,1
746866449113679,11
746892385063238,3
747205910558849,2
747231070808260,2
747263778689378,51
747309989111315,4
747349941222977,2
747399460471741,2
747424909812525,1
747507897585548,2
747539532613026,4
747699729120185,4
747838373576520,1
747862607681071,2
748228459673040,1
748324590753384,15
748384437615293,14
748539338542540,2
748551130830764,17
748585867362630,2
748594916913852,4
748614440447897,2
748618029256169,1
748640575867109,4
749075548466978,1
749173507684445,2
749280436046825,3
749343023421687,18
749393490049688,2
749407035432133,18
749487367036168,2
749502641015146,10
749555120460739,22
750066423110179,1
750084637291417,1
750129593294249,2
750189624001092,2
750241624006823,19
750268576840245,2
750306478314926,3
750360419302667,18
750374262657435,3
750667058246402,4
750742884733691,2
750935650041600,1
750951753818259,2
751019422777142,2
751047821400419,6
751147481897673,2
751190678514518,5
751202778797737,1
751232384487485,5
751330323202786,1
751550477486837,26
751574460254854,2
751587931289662,2
751723571560201,4
751788574299103,9
751828973471343,5
751868078811699,44
752042795913846,230
752131273188231,55
752137130569205,2
752148784638583,10
752201937368730,1
752298804587196,14
752486228725338,4
752745803196725,20
753193632656541,37
753224937058706,3
753439795287136,4
753457955318417,2
753602356305632,64
753718698277777,1
753789536611175,2
754249676050559,2
754318518639716,4
754600929241098,3
754609749465418,3
754617815282510,2
754642978830877,2
754670783947029,4
754671024078266,1
754696262701364,5
754743920917212,5
755169562515197,2
755232989052443,1
755276160410837,3
755368215534977,1
755372838411815,9
755950570028107,1
755981715671172,2
756044995340654,1
756285254541988,1
756324294504026,11
756459696034749,7
756460713223964,5
756497968717061,6
756623131642367,3
756782640874981,2
757183744234590,2
757202941976206,2
757235137633500,3
757247897574425,15
757249143370580,7
757283743959244,1
757528701689958,2
757579091955398,7
757969797790162,2
758065915602331,9
758460494887553,2
759109121003858,5
759114421923325,17
759168369987751,1
759378638863931,18
759379096802455,2
759527700594172,14
759672546811203,2
759756395533197,2
759803590224735,1
759894996135209,2
760299496535795,2
760322725192619,6
760548719209924,4
760562522328026,1
760587566357829,2
760606104755614,2
760680894817938,1
760699959668642,2
760705598202202,22
760746249084564,20
760769926792820,1
760812124788311,4
760830980978771,2
761627247464774,5
761806155932506,1
761916549452339,1
761933859831538,1
761967474124081,2
762041086121783,3
762276696662021,2
762357886070375,1
762398087242320,4
762414241801620,1
762469810541737,14
762570139978813,1
762587652137507,20
762986964899409,2
763164386475327,2
763401246774951,1
763676045655673,6
763682885776046,2
763765584902613,2
763943714266108,5
764019299139014,2
764026266904787,1
764199239260051,5
764399805145770,8
764570607814706,3
764593533786828,5
764608835899032,3
764733516550313,2
764804483029287,1
764930881796531,18
765164634831515,2
765217370879478,9
765238528892552,2
765249936389003,5
765383651109262,20
765485714379055,2
765960840173927,5
766504727774896,3
766754854510168,19
767026106233531,1
767259769269254,2
767494328595614,2
767533826779957,2
767799919917544,19
767879643673758,1
767998850518698,2
768386796197953,3
768472849455192,2
768492539619819,18
768560575734088,2
768632728455667,6
768683691524057,6
768846179197190,4
769252238595069,2
769337583023356,5
769358386198780,41
769458830219752,4
769477242768758,2
769495615932517,3
769508035302286,4
769511255041832,2
769569473200717,10
769638594303915,2
769697633373927,14
770001222424535,3
770044776589408,38
770195094191648,2
770252195840460,6
770436399378362,2
770580714323348,1
770677151694324,2
770767632217870,3
770983367020323,2
771420673847046,11
771593262631443,1
771620964928879,12
771715683352432,12
771886247080152,2
771933677309969,3
772152313243251,5
772345905146126,2
772377393024484,2
772383790141450,2
772458463197548,2
772715010433991,8
772914723156367,1
773025951843504,16
773133383361502,5
773205922303185,5
773279928219223,3
773314278006672,4
773340904550660,2
773386467718753,4
773543993722159,40
773601537619115,10
773641129739867,1
773715522472646,1
773758858659149,2
773775982098167,6
773778857668278,3
773779581568158,1
773805283140190,9
773862104697749,2
773959858391308,20
773987553315180,2
773997591798696,4
774046105923911,4
774079031894957,11
774097738367142,2
774194864769355,21
774260556155785,1
774294124107284,1
774325242010133,1
774359283878924,1
774361312875842,5
774407888456936,2
774424560441175,1
774540357938975,3
774859760075962,2
774904705765344,2
775078623775232,3
775107289380750,1
775210215196017,2
775349191533333,5
775542199167282,1
775575792136113,6
775744580239165,2
775961111273412,1
776146944736170,2
776202957893193,25
776393748277436,2
776641036820901,2
776762781589860,2
776973299287533,2
777086761132023,3
777192230753687,1
777216978121484,23
777460187928705,6
777524220388950,6
777571023559230,2
777604897481810,2
777817022366240,5
777857127428087,5
777918273138187,7
777989720668708,2
778036209806792,19
778107170816862,6
778261519296251,1
778364783418590,46
778379922907466,1
778394166496463,2
778650129413123,1
778661690597630,2
778691355102148,2
778736160062287,2
778821872451829,2
778834031285009,16
779127107263809,6
779155071506439,2
779320454903397,6
779636358256146,2
779671978322616,1
780072732348288,1
780097773162730,3
780106830424434,5
780136198221938,1
780265993553319,15
780482688765523,2
780753029997086,1
780987386310520,2
781047172223895,22
781095582950317,1
781110941873804,22
781590752750376,2
781715749845797,2
781774176313361,1
781800118415036,1
782016365094299,1
782057752423170,1
782069011667226,1
782102392817947,1
782109102875638,1
782141690302265,1
782230583884465,3
782259523981066,1
782294979247586,1
782377971273839,2
782383522831549,2
782425882309936,4
782496188999066,2
782522435781808,4
782524163399625,3
782544672315523,3
782591914864629,9
782611944734560,1
782625646238402,1
782641247425805,2
782653255817483,3
782670391020473,2
782775745056694,3
782878833592493,1
782892931801723,1
782903421178175,14
783057239254869,2
783150435572842,5
783508392992413,2
783549171817281,3
783737347892037,2
783845077140647,2
783871706648580,2
783913502338673,1
784123361428381,2
784202460793602,4
784346398082914,2
784429776953739,1
784457291592877,2
784482163169305,4
784489856904286,2
784559955652459,2
784561200004050,6
784580769081091,19
784625947669410,1
784696891006752,2
784840007623383,1
784878183969265,2
784890958386505,5
784920917700121,1
784934487025289,2
784970683473879,1
785013610357635,3
785166453725732,2
785289929695108,6
785491237737919,2
786031989479139,1
786054286135162,2
786109010907250,7
786190740927721,5
786252380621250,5
786296436756406,3
786397288763492,5
786500117945001,1
786518521325356,1
786534262468456,1
786543181389126,1
786576634697326,1
786719630382721,2
786743664442653,24
786772957629530,2
786801446643440,2
786817662876932,2
786871145205141,2
787018118414449,6
787023058829138,6
787027531236590,1
787108217841463,3
787109135374745,4
787139195847068,2
787141007418590,1
787184264848181,2
787377064956596,1
787923816244912,2
787946931229898,2
787978865700466,29
788494927559085,17
788526815507805,2
788667057160678,1
788687889102767,2
788763281385699,2
788773577683648,2
788836504784433,5
788981241611622,18
789069132164767,2
789207380648860,13
789208457235182,4
789538443957701,1
789555253769512,4
789584839224375,2
789701203920374,1
789745005215975,4
789827558060106,4
790007016369422,2
790124864098856,1
790147179873034,2
790328853892435,2
790575718545113,1
790594135828725,1
790773382943198,2
790808742398676,2
790820037924327,1
790857793138582,1
790873115802546,4
790901818189350,4
790902771574932,2
790943342971954,4
791135389836073,1
791330452940979,2
791413177839982,62
791437675450972,2
791447354703493,6
791471272398386,2
791476535831512,5
791479306538126,7
791647946135114,2
791751425933152,3
791933583818642,4
792150557433006,1
792170171632128,156
792218229380481,1
792374414961478,2
792420833877653,1
792482147895127,2
792498227000614,7
792551104660546,7
792578957293171,2
792693985199539,2
792701942849056,2
792889657149575,3
792931905079253,4
793175039094238,3
793255784482212,17
793288953384492,5
793301852706767,2
793360480925173,2
793483964556539,1
793653713224243,30
793980194376070,19
794426417204154,5
794500082422883,1
794567336169196,1
794656510836459,9
794736211558961,2
794798939435150,2
794910239054917,2
795044186807150,1
795087904713868,1
795269058714383,1
795273482350574,1
795294737076672,5
795306241704062,1
795326017338395,2
795363970296774,6
795416213670666,4
795425517231779,8
795545919484126,3
795641135362990,2
795641841039460,9
795670158171083,1
795711918549364,8
795749384097092,4
795770223213097,2
795778995701669,2
795857060639902,1
795873154671892,2
795928275457402,2
795945495186988,2
796497838179502,30
796725642069829,213
796814160093641,3
797058838606254,70
797113640062574,6
797292044778938,1
797658741648989,3
797679777096725,1
797742924725523,2
797772644129363,4
797855392811140,2
798019522372255,3
798100959879423,4
798307783239135,2
798890048039792,9
798910474802065,2
799207283099726,2
799258194788125,2
799308476524491,1
799373070219999,1
799564230903466,2
799576056086845,10
799604968846917,2
799641338902392,10
799722925572079,1
799758841688719,8
799938089203286,36
800071277959135,2
800090974045791,4
800153266826300,2
800266725925661,12
800268714284153,2
800347665616181,22
800364119269895,2
800458080212908,2
800468750867772,365
800581292297083,2
800655042696287,2
800695755630328,2
800973424569195,6
801333562022665,4
801438988429377,14
801561376411345,2
801633887089123,3
801670135461873,1
801825515642960,18
802086114919237,1
802126065888165,2
802150775908700,5
802152939776179,1
802200670439903,2
802232333906311,5
802640407496646,1
802818602704986,3
802962171936953,2
803016876881790,2
803386187545900,1
803442704641134,2
803636760277147,2
803680614278906,18
804018475981284,1
804092664100636,2
804244606582393,2
804286610470629,12
804461481095207,1
804611511899061,8
804624234009693,3
804662067242155,6
804669305575224,2
804850444321757,2
804932654112687,8
805148827986009,4
805281345949440,2
805398648279886,3
805439442962954,3
805597840562917,7
805831036243831,2
805835626279724,2
805998868401721,3
806055797642960,3
806152577480314,2
806492048742984,2
806526871118199,1
806570086095802,2
806681484325544,1
807182694045517,2
807244940998014,3
807323742827566,4
807354793836944,4
807359863356299,2
807409443772045,5
807413268065927,2
807871348259884,1
808008577198975,4
808299336496083,1
808333288306920,1
808426030269156,1
808604230743301,1
808687821062754,14
808748048416075,5
808819654496720,2
809038091984997,2
809047814115889,2
809165470404023,2
809222732664987,2
809254508927457,18
809256072574061,2
809304446826853,2
809365065490497,2
809373715522167,2
809411643384932,1
809486994357955,3
809570892504761,2
809578617315084,2
809806359255356,21
810132271731229,3
810280825337234,4
810427521710044,1
810536007578510,2
810712138517788,2
810959909979982,2
811150745671760,22
811498606208337,7
811827045073972,6
811884412635216,9
812440401138474,1
812746354204093,3
812810966732770,2
812830182546026,13
812943797369582,2
812967397049895,3
812977535341486,1
813145144868899,13
813176363281702,1
813229283561654,2
813247355111353,23
813284807609632,2
813289841195912,3
813326214427249,1
813342253626661,1
813375671613250,5
813397041132357,3
813406708661047,13
813415336591349,5
813421293573748,2
813665618617622,2
813691944299034,20
813700290733508,1
813779249510384,1
813852252002343,7
813923921082743,2
813974747107714,2
814002762018525,13
814141604319416,2
814639329093482,15
814647542559902,1
814823814837951,1
814956640962074,2
815212320492820,2
815247217118488,2
815286603185923,1
815364915601107,5
815494478848965,16
815709482213023,1
816159647682794,1
816166345738710,2
816230462746353,2
816462907917170,15
816634721160538,2
816747731374755,2
816811610533827,3
817146456566223,3
817502205513231,1
817645901618715,6
817771729273387,3
817774700217285,2
817778159215132,2
817781682951109,2
817826946469316,2
817846907847338,26
817864619672682,2
817943469333636,1
818018201745212,1
818027420842922,6
818085872697252,4
818149783250975,1
818333052707243,2
818452762488632,2
818642673241603,34
818752925250928,1
818873462717183,2
819684681188932,49
819772285657137,2
819794525367220,9
819811710626288,2
819885918522819,3
819947747829635,3
820182706974941,2
820295480353471,11
820366544099147,2
820409726913493,2
820580612913831,9
820709123137524,4
820728105448717,7
820901003692996,2
820981635657912,17
821317556537376,2
821361610008388,1
821480508244959,3
821557506960350,3
821685196283765,2
821719888206569,2
821844186720898,19
821895297204049,11
822023353704927,2
822077852051031,3
822081840019009,2
822171894617340,3
822185647535429,1
822233527074821,2
822242386179189,3
822243572339100,3
822280338837086,3
822324694183277,177
822408203035654,29
822415603536669,2
822435947204525,2
822639082544021,96
822654024207692,1
822759243768554,2
822830021493396,23
823014597402550,2
823666601727693,2
823697917175839,2
823810905826914,4
824031868445514,2
824090648634046,3
824132221347885,2
824206444775728,1
824689204037432,1
824711347358412,2
824961363431384,10
825023403254059,10
825038463401351,1
825397155398356,2
825470373706259,1
825476447287928,3
825509134205669,2
825766265466189,2
825812804841048,2
825820562064578,9
825855278265064,9
825940915714608,2
826013333873055,1
826057748041156,7
826130538373927,4
826221820474907,4
826308588315721,13
826370862888854,2
826416129270156,1
826420198836138,2
826508319905040,4
826523051347915,4
826557989597568,2
826632576750863,3
826654286962835,3
826702338651110,3
826708871288026,14
826720046346710,5
826741029471392,19
826849815428157,24
826908240686903,3
826946850926913,3
827003648355888,1
827017777051880,27
827133488293028,10
827209913795736,4
827878632865450,2
827967524327057,2
828266641720830,10
828456901350965,2
828498605757524,1
828557787479849,3
828645445167577,1
828703369151500,2
828805228087402,1
829003156987189,2
829080250344687,2
829149403562669,2
829246747123177,2
829353614386520,7
829429162133831,5
829738079727707,1
829750598766114,1
830073457666008,10
830192843216611,1
830221378687865,2
830295716744547,2
830296384513000,2
830430412677451,2
830487193057695,2
830597579341282,2
830656048259274,7
830797431205399,2
830820071917659,2
830858361551372,1
830883083331547,1
830888803511480,3
830895582974144,1
830898149529753,2
830913858470972,1
830964384402797,10
831054333530351,2
831088311830396,1
831094281812645,5
831280577901321,1
831309065902913,5
831319507248007,13
831386278203249,2
831444177873254,1
831544888200488,2
832086876745862,2
832132671077837,2
832216982554459,2
832361187960401,2
832368798079818,2
832448231704529,2
832847427741981,2
833059281052423,1
833154477627541,1
833453850322604,1
833730967757150,3
833867022244802,2
833916224422319,2
833921626561167,1
833954070877816,1
833957496643792,1
834001803528727,2
834051413263526,2
834082273382171,1
834323554120183,2
834473026274601,2
834538221036165,2
834562359444334,2
834583903279674,17
834632120933905,1
834643251387535,18
834672191825141,2
834912262215083,2
835162214348390,2
835199906006551,1
835254497126797,3
835293344669162,2
835299771677433,1
835321602305166,3
835335643746309,1
835427912486257,2
835450525133973,22
835455426218031,1
835473598492755,19
835479644413383,1
835507269039035,1
835527656808329,4
835531704518702,1
835545811039674,16
835577341135583,1
835616254780170,27
835666936855612,15
835684423665335,2
835692367509500,18
835756134465680,5
835795895927218,21
835865185565516,18
836090456910580,3
836121259083630,2
836199603385436,18
836631379396727,1
836749698855842,1
836867537918767,19
836934816534732,2
837051643121259,1
837053734641598,3
837097581096762,20
837117532468657,2
837140280905007,1
837280775970889,2
837293713666311,26
837363690382976,23
837376129937234,2
837400882210192,1
837413148133169,3
837903590134206,3
837996450561829,3
838093952218997,44
838180962838381,11
838282488047218,1
838323977460719,4
838381856120140,4
838717583595111,2
838771446853723,8
839165632068466,10
839205069759634,5
839206005775835,1
839311324941921,8
839385346635710,2
839402006138791,2
839415773441670,1
839514416615068,2
839652831594595,2
839667499683131,2
839736129883978,2
839757587584134,2
839759031144106,2
839788339174449,19
839800792079649,2
839849743912705,49
839941534097870,1
839961519949262,2
839977054988937,18
839980009177434,4
839996202831165,2
840262379083109,2
840272136819632,21
840381684239549,1
840579078751881,1
840714994239672,2
840723145137961,2
841578085882631,2
842671633857355,11
842833428416446,2
842842355056228,2
843147366209459,2
843188143529427,2
843235376606575,4
843453146876037,19
843523653469007,4
843858279488579,20
843893388417049,2
843938857788822,28
843949828481666,2
843990175983493,5
844016716238991,2
844056975052661,3
844056986751374,2
844110935930928,16
844147303995621,1
844176614133988,53
844211464564066,2
844218974787320,2
844340159445264,3
